{"type":"Topology","arcs":[[[99999,41072],[0,-268],[-178,-140],[-177,-117],[-34,208],[137,113],[90,31],[162,173]],[[99479,40275],[67,91],[98,-159],[-46,-290],[-173,-76],[-154,68],[-26,242],[108,192],[126,-68]],[[57,41099],[-34,-268],[-23,-27],[0,268],[57,27]],[[59417,49473],[47,-61],[1008,-1133],[18,-321],[399,-555]],[[60889,47403],[-128,-688],[15,-313],[180,-204],[8,-144],[-77,-336],[15,-166],[-18,-268],[98,-348],[116,-547],[100,-121]],[[61198,44268],[0,0],[-221,-321],[-304,-216],[-167,8],[-98,-166],[-193,-15],[-72,-68],[-335,155],[-208,-46]],[[59600,43599],[-77,756],[-95,260],[-57,151],[-273,106]],[[59098,44872],[-157,166],[-175,95],[-110,90],[-119,144]],[[58537,45367],[0,0],[-149,699],[-160,313],[-56,321],[28,287],[-51,514]],[[58149,47501],[115,26],[101,201],[108,290],[69,114],[-2,181],[-59,128],[-19,216]],[[58462,48657],[0,0],[80,72],[18,328],[-110,314]],[[58450,49371],[97,64],[304,-8],[566,46]],[[47592,65363],[0,-38],[-5,-106]],[[47587,65219],[0,-842],[-911,30],[8,-1420],[-260,-53],[-67,-283],[51,-805],[-1088,4],[-60,-185]],[[45260,61665],[11,234]],[[45271,61899],[5,0],[625,46],[34,200],[115,249],[91,767],[386,600],[131,699],[87,42],[90,434],[235,57],[100,-72],[126,0],[88,128],[172,19],[-5,295],[41,0]],[[15879,77223],[-39,0],[-538,544],[-198,242],[-502,230],[-157,491],[41,340],[-355,238],[-49,449],[-337,401],[-5,287]],[[13740,80445],[0,0],[154,268],[-7,351],[-474,352],[-283,634],[-172,401],[-255,249],[-188,226],[-147,288],[-280,-178],[-270,-314],[-245,367],[-195,245],[-271,151],[-273,19],[0,3162],[3,2062],[0,0]],[[10837,88728],[517,-132],[438,-268],[291,-53],[244,234],[335,174],[414,-68],[414,242],[456,139],[190,-230],[209,128],[62,261],[190,-57],[471,-498],[371,377],[36,-423],[342,91],[105,162],[335,-30],[425,-234],[651,-204],[380,-94],[273,34],[376,-280],[-391,-276],[502,-120],[749,68],[236,94],[296,-332],[304,283],[-283,234],[177,189],[340,26],[221,57],[224,-132],[281,-302],[309,45],[491,-253],[430,91],[407,-16],[-34,348],[247,94],[433,-189],[-3,-525],[178,446],[223,-15],[124,555],[-296,344],[-324,227],[20,612],[330,404],[365,-91],[283,-245],[376,-627],[-247,-272],[517,-114],[0,-566],[371,434],[332,-355],[-83,-412],[268,-377],[291,404],[203,479],[16,609],[393,-42],[412,-83],[371,-276],[18,-276],[-206,-294],[196,-299],[-37,-272],[-543,-385],[-388,-87],[-286,167],[-82,-280],[-268,-468],[-82,-242],[-322,-378],[-399,-34],[-218,-238],[-18,-359],[-322,-71],[-342,-450],[-302,-623],[-105,-438],[-16,-646],[407,-94],[126,-518],[129,-423],[388,110],[518,-242],[278,-208],[198,-264],[347,-151],[296,-235],[458,-34],[301,-52],[-43,-480],[85,-559],[200,-623],[415,-529],[213,181],[152,574],[-147,877],[-195,290],[445,261],[314,389],[154,389],[-23,370],[-188,472],[-337,420],[327,581],[-121,503],[-93,868],[194,129],[476,-151],[285,-57],[232,147],[257,-188],[343,-322],[84,-215],[495,-41],[-8,-469],[92,-702],[253,-87],[203,-325],[401,306],[266,612],[185,260],[216,-494],[360,-710],[309,-669],[-113,-347],[370,-314],[250,-317],[443,-144],[177,-177],[111,-469],[216,-75],[111,-208],[20,-627],[-200,-208],[-201,-196],[-456,-197],[-350,-457],[-471,-86],[-594,113],[-417,7],[-286,-41],[-234,-397],[-352,-245],[-402,-737],[-319,-513],[234,90],[448,733],[582,461],[417,56],[244,-272],[-262,-373],[87,-601],[93,-419],[360,-276],[458,79],[278,627],[21,-404],[180,-200],[-345,-366],[-615,-329],[-276,-227],[-311,-400],[-211,42],[-10,472],[484,457],[-446,-19],[-308,-68]],[[31351,75074],[-183,317],[0,756],[-121,162],[-188,-94],[-93,143],[-211,-419],[-85,-431],[-97,-253],[-119,-87],[-90,-26],[-26,-140],[-512,0],[-422,-4],[-126,-102],[-293,-400],[-36,-42],[-88,-215],[-255,0],[-272,-4],[-126,-87],[43,-109],[26,-170],[-5,-57],[-363,-275],[-286,-87],[-324,-299],[-69,0],[-93,87],[-33,79],[7,61],[62,193],[129,306],[82,328],[-57,484],[-59,502],[-288,261],[33,102],[-41,68],[-74,0],[-57,86],[-13,133],[-54,-61],[-75,19],[16,57],[-64,53],[-29,147],[-213,177],[-227,185],[-270,216],[-263,200],[-247,-159],[-92,-3],[-340,143],[-226,-72],[-268,174],[-286,87],[-193,34],[-87,94],[-49,306],[-93,-3],[-2,-212],[-574,0],[-950,0],[-944,0],[-834,0],[-834,0],[-818,0],[-847,0],[-273,0],[-826,0],[-787,0]],[[26669,84694],[206,257],[381,-4],[-5,-109],[-327,-306],[-195,11],[-60,151]],[[27840,90447],[-306,294],[13,200],[134,34],[635,-60],[479,-302],[23,-155],[-296,15],[-298,11],[-304,-71],[-80,34]],[[27691,84490],[106,166],[113,-11],[72,-113],[-108,-291],[-124,45],[-72,166],[13,38]],[[23995,91655],[-149,-215],[-404,42],[-337,143],[147,249],[401,152],[242,-197],[100,-174]],[[23934,93064],[-126,-15],[-523,38],[-72,155],[559,-8],[195,-106],[-33,-64]],[[23123,93759],[332,-192],[-75,-204],[-411,-114],[-227,129],[-118,207],[-21,231],[358,-23],[162,-34]],[[25514,91327],[-448,68],[-739,181],[-97,306],[-34,276],[-278,241],[-574,68],[-321,170],[103,231],[573,-38],[307,-177],[548,0],[239,-182],[-62,-208],[317,-128],[178,-132],[375,-23],[404,-45],[443,121],[564,45],[453,-38],[295,-211],[65,-231],[-175,-147],[-415,-117],[-355,68],[-797,-87],[-569,-11]],[[19093,93415],[391,-86],[-93,-167],[-517,-158],[-412,181],[224,178],[407,52]],[[19178,93778],[360,-109],[-340,-110],[-460,0],[5,79],[286,167],[149,-27]],[[34555,78507],[-147,-347],[-185,-488],[182,189],[186,-121],[-98,-192],[247,-151],[129,132],[275,-170],[-85,-404],[196,94],[33,-294],[88,-348],[-119,-487],[-123,-23],[-183,106],[59,453],[-77,72],[-322,-480],[-167,19],[198,261],[-268,132],[-298,-30],[-538,15],[-44,166],[173,193],[-121,151],[234,336],[286,884],[172,317],[242,193],[129,-27],[-54,-151]],[[26700,86171],[304,-189],[316,-174],[26,-264],[203,42],[199,-182],[-245,-177],[-432,136],[-157,249],[-276,-295],[-396,-290],[-95,324],[-376,-53],[242,276],[36,438],[95,510],[201,-45],[52,-246],[141,87],[162,-147]],[[28118,90194],[263,222],[617,-283],[384,-264],[36,-242],[515,125],[288,-352],[671,-219],[242,-226],[263,-518],[-510,-260],[654,-363],[443,-121],[399,-510],[434,-38],[-84,-389],[-489,-645],[-340,238],[-438,532],[-360,-68],[-33,-321],[290,-321],[379,-257],[113,-147],[180,-548],[-95,-400],[-350,151],[-698,442],[394,-476],[288,-336],[47,-193],[-754,219],[-595,325],[-337,268],[95,159],[-414,283],[-404,272],[5,-162],[-803,-87],[-237,189],[186,408],[520,11],[573,72],[-92,196],[95,280],[360,540],[-77,245],[-105,189],[-428,272],[-561,189],[178,140],[-296,343],[-245,34],[-218,189],[-150,-166],[-501,-68],[-1012,121],[-587,166],[-450,83],[-231,193],[290,257],[-396,0],[-88,562],[214,499],[286,227],[718,147],[-206,-359],[219,-347],[257,449],[705,227],[476,-574],[-41,-363],[548,159]],[[23748,91187],[579,-23],[531,-132],[-415,-495],[-332,-109],[-298,-416],[-317,23],[-172,487],[5,276],[144,234],[275,155]],[[15873,92286],[0,0],[471,416],[572,358],[424,-7],[381,83],[-36,-427],[-213,-192],[-260,-27],[-518,-238],[-445,-87],[-376,121]],[[13135,80022],[268,45],[-82,-631],[241,-449],[-110,4],[-170,253],[-100,257],[-142,170],[-51,245],[18,178],[128,-72]],[[20696,94054],[546,-76],[751,-200],[211,-264],[108,-234],[-453,64],[-458,177],[-617,23],[267,166],[-334,132],[-21,212]],[[15691,76951],[-139,-79],[-456,253],[-85,196],[-247,197],[-51,154],[-286,102],[-105,303],[23,128],[291,-121],[172,-83],[260,-60],[95,-193],[137,-264],[277,-227],[114,-306]],[[16239,91361],[396,-117],[710,-31],[271,-162],[298,-234],[-350,-140],[-682,-389],[-342,-389],[0,-242],[-733,-268],[-147,242],[-641,294],[121,235],[190,408],[242,366],[-272,340],[939,87]],[[20050,92135],[247,94],[291,-26],[49,-272],[-170,-261],[-939,-86],[-700,-242],[-425,-11],[-33,181],[576,245],[-1256,-68],[-388,99],[381,543],[260,155],[782,-185],[494,-328],[484,-46],[-397,533],[255,204],[286,-64],[95,-269],[108,-196]],[[20411,90598],[311,-227],[175,-540],[85,-393],[466,-272],[501,-264],[-30,-246],[-456,-45],[178,-212],[-93,-203],[-504,86],[-476,151],[-325,-34],[-522,-188],[-703,-83],[-494,-53],[-152,260],[-378,151],[-247,-60],[-342,438],[185,61],[430,94],[391,-23],[363,95],[-538,132],[-595,-45],[-393,11],[-147,204],[646,223],[-430,-8],[-484,147],[232,416],[193,219],[744,340],[285,-110],[-139,-256],[618,166],[386,-280],[314,284],[255,-182],[226,-547],[139,230],[-195,570],[244,80],[276,-87]],[[22101,90390],[-306,366],[327,269],[332,-118],[497,68],[72,-158],[-260,-268],[419,-238],[-49,-503],[-455,-211],[-268,45],[-193,212],[-690,430],[6,178],[568,-72]],[[20390,90889],[371,22],[211,-124],[-245,-367],[-432,389],[95,80]],[[22639,92622],[211,-257],[11,-287],[-129,-411],[-456,-57],[-298,87],[5,325],[-456,-42],[-18,427],[299,-15],[419,189],[389,-34],[23,75]],[[23329,94779],[193,170],[283,38],[-121,128],[646,27],[355,-295],[469,-121],[455,-106],[219,-366],[334,-178],[-381,-166],[-514,-419],[-492,-38],[-574,68],[-298,227],[2,204],[222,147],[-510,-4],[-306,185],[-175,250],[193,249]],[[24559,95497],[412,105],[324,19],[546,87],[409,208],[345,-26],[298,-159],[211,302],[368,87],[497,64],[849,23],[149,-61],[801,95],[602,-38],[602,-34],[741,-42],[597,-71],[510,-151],[-13,-148],[-677,-241],[-674,-114],[-250,-124],[605,3],[-656,-336],[-453,-158],[-474,-454],[-573,-94],[-178,-113],[-842,-57],[384,-72],[-191,-98],[230,-276],[-266,-189],[-427,-158],[-134,-216],[-386,-166],[39,-128],[474,22],[5,-135],[-741,-333],[-726,155],[-816,-87],[-414,68],[-525,27],[-34,268],[512,124],[-136,401],[170,41],[741,-241],[-378,355],[-451,109],[227,215],[491,133],[80,192],[-394,216],[-118,287],[759,-23],[221,-60],[433,200],[-626,64],[-972,-34],[-489,189],[-232,223],[-324,166],[-62,189]],[[29106,87467],[-180,-163],[-311,-26],[-70,272],[119,309],[255,76],[216,-151],[2,-238],[-31,-79]],[[23262,88603],[170,-211],[-173,-193],[-375,166],[-227,-60],[-378,249],[244,174],[193,238],[296,-155],[165,-102],[85,-106]],[[32079,77706],[95,46],[366,-140],[283,-230],[7,-102],[-134,-12],[-360,178],[-257,260]],[[32218,76131],[98,-272],[200,-71],[258,15],[-137,-231],[-103,-34],[-352,235],[-70,185],[106,173]],[[31351,75074],[48,-181],[-298,-269],[-286,-192],[-293,-163],[-147,-332],[-46,-125],[-3,-294],[93,-295],[113,-11],[-28,200],[82,-121],[-20,-159],[-188,-90],[-134,11],[-206,-98],[-121,-27],[-159,-30],[-232,-158],[407,102],[82,-102],[-389,-170],[-177,0],[7,68],[-82,-155],[80,-23],[-59,-400],[-204,-427],[-20,143],[-59,27],[-93,140],[59,-299],[70,-98],[2,-211],[-87,-216],[-157,-445],[-26,22],[85,378],[-142,215],[-31,461],[-54,-242],[60,-351],[-186,87],[193,-178],[11,-528],[79,-42],[31,-189],[39,-559],[-178,-412],[-285,-162],[-183,-329],[-139,-34],[-142,-204],[-38,-185],[-306,-362],[-157,-265],[-132,-328],[-41,-397],[49,-385],[93,-476],[123,-393],[0,-238],[134,-646],[-10,-374],[-13,-215],[-70,-340],[-82,-72],[-136,68],[-44,246],[-106,128],[-146,476],[-129,427],[-44,215],[59,370],[-79,306],[-216,465],[-109,83],[-280,-253],[-49,30],[-136,257],[-173,140],[-314,-72],[-247,64],[-211,-41],[-116,-83],[52,-151],[-5,-223],[59,-110],[-54,-75],[-103,83],[-103,-106],[-203,19],[-206,291],[-242,-68],[-203,128],[-173,-38],[-234,-128],[-252,-416],[-276,-238],[-151,-264],[-65,-249],[-2,-385],[12,-265],[55,-189],[-111,-19]],[[22907,64354],[-196,121],[-216,174],[-80,261],[-59,389],[-165,317],[-95,325],[-139,381],[-198,223],[-226,-11],[-175,-438],[-229,166],[-145,166],[-69,306],[-93,291],[-164,242],[-142,177],[-103,196],[-481,0],[0,-230],[-219,0],[-553,-4],[-633,393],[-420,268],[26,110],[-353,-61],[-316,-41]],[[17464,68075],[-46,283],[-181,321],[-128,64],[-31,159],[-157,30],[-98,151],[-260,53],[-69,91],[-34,302],[-270,559],[-232,774],[11,129],[-124,181],[-213,468],[-39,454],[-149,302],[61,461],[-10,476],[-87,426],[108,522],[33,506],[34,502],[-49,748],[-88,472],[-82,261],[33,106],[402,-189],[149,-522],[70,144],[-47,457],[-92,457]],[[6833,61155],[49,-49],[46,-75],[69,-193],[-5,-30],[-110,-121],[-88,-87],[-41,-91],[-70,80],[8,154],[-44,201],[13,64],[49,91],[-20,109],[15,49],[23,-7],[106,-95]],[[6668,61537],[-23,-68],[-93,-42],[-49,117],[-31,46],[-2,34],[26,49],[100,-53],[72,-83]],[[6457,61763],[-10,-60],[-150,19],[24,68],[136,-27]],[[6104,62065],[24,-37],[79,-182],[-15,-34],[-21,8],[-95,19],[-36,128],[-10,19],[74,79]],[[5731,62341],[5,-128],[-31,-57],[-95,102],[16,42],[41,53],[64,-12]],[[3760,83546],[219,-49],[28,-215],[-172,-87],[-181,105],[-169,151],[275,95]],[[7437,82205],[183,-38],[119,-173],[-240,-265],[-278,-211],[-141,143],[-44,261],[252,196],[149,87]],[[13740,80445],[0,0],[-152,208],[-247,177],[-77,487],[-358,450],[-149,521],[-268,38],[-442,15],[-325,159],[-574,578],[-267,102],[-484,200],[-386,-49],[-546,256],[-329,238],[-309,-120],[57,-386],[-155,-34],[-321,-117],[-245,-185],[-306,-121],[-41,329],[126,544],[296,174],[-77,135],[-356,-309],[-187,-367],[-402,-396],[203,-268],[-262,-401],[-299,-234],[-278,-170],[-69,-245],[-432,-287],[-88,-261],[-324,-238],[-193,45],[-257,-155],[-284,-188],[-231,-189],[-476,-159],[-44,94],[304,261],[272,170],[296,306],[345,60],[137,231],[386,332],[61,110],[206,196],[47,423],[141,325],[-319,-166],[-90,94],[-152,-200],[-180,280],[-75,-197],[-105,276],[-278,-223],[-170,0],[-23,332],[49,204],[-178,197],[-360,-106],[-234,261],[-191,132],[-2,313],[-214,238],[108,321],[227,310],[97,283],[227,42],[190,-91],[224,268],[201,-45],[211,170],[-51,257],[-155,98],[206,215],[-172,-7],[-294,-121],[-85,-121],[-218,121],[-394,-60],[-407,132],[-116,223],[-352,321],[391,234],[620,272],[227,0],[-36,-280],[586,23],[-226,344],[-342,211],[-198,280],[-266,234],[-380,177],[154,291],[492,19],[352,253],[64,268],[286,265],[270,64],[525,246],[258,-34],[427,294],[419,-117],[201,-249],[124,106],[471,-34],[-18,-125],[424,-95],[283,53],[587,-173],[533,-53],[213,-72],[371,91],[422,-167],[301,-79],[0,0]],[[2296,85434],[172,-105],[172,56],[227,-147],[275,-72],[-23,-64],[-211,-117],[-211,121],[-105,102],[-245,-34],[-67,49],[16,211]],[[74266,77340],[-211,-370],[-231,-49],[-13,-559],[-154,-249],[-551,181],[-201,-994],[-141,-124],[-551,-223],[249,-963],[-190,-147],[21,-318]],[[72293,73525],[-170,83],[-139,201],[-412,56],[-461,15],[-103,-60],[-393,234],[-160,-113],[-41,-329],[-458,189],[-183,-76],[-62,-245]],[[69711,73480],[-159,-102],[-366,-389],[-123,-397],[-103,-3],[-75,264],[-355,19],[-57,453],[-133,4],[20,559],[-332,404],[-476,-42],[-327,-83],[-265,503],[-226,207],[-433,401],[-51,49],[-715,-329],[10,-2051]],[[65545,72947],[-142,-26],[-193,434],[-188,159],[-316,-117],[-124,-185]],[[64582,73212],[-15,136],[69,230],[-54,197],[-321,188],[-124,499],[-154,140],[-11,181],[271,-53],[10,404],[237,91],[244,-83],[49,544],[-49,343],[-278,-26],[-237,136],[-321,-246],[-260,-117]],[[63638,75776],[-142,91],[29,287],[-175,370],[-206,-15],[-237,374],[160,423],[-80,113],[221,612],[286,-325],[33,408],[574,605],[435,11],[612,-381],[327,-227],[296,234],[440,11],[355,-287],[80,167],[391,-27],[70,265],[-450,381],[267,272],[-51,151],[265,144],[-201,381],[129,189],[1039,193],[134,136],[695,207],[250,231],[499,-121],[88,-574],[290,132],[358,-189],[-23,-302],[265,30],[697,525],[-103,-174],[356,-430],[620,-1409],[149,291],[381,-321],[401,143],[152,-102],[134,-321],[196,-106],[115,-237],[361,75],[146,-340]],[[69711,73480],[83,-53],[-235,-363],[206,-207],[199,139],[329,-294],[-355,-401],[-214,57]],[[69724,72358],[-113,-15],[-41,155],[59,257],[-371,-129],[-90,-355],[-131,-309],[-232,26],[-72,-246],[204,-132],[59,-411],[-155,-563]],[[68841,70636],[-211,117],[-154,4]],[[68476,70757],[8,340],[-368,238],[-291,271],[-183,261],[-316,385],[-137,571],[-92,102],[-301,-27],[-106,114],[-31,445],[-373,295],[-234,-325],[-237,-193],[44,-279],[-314,-8]],[[89167,48555],[481,-382],[512,-317],[193,-287],[155,-280],[41,-324],[463,-344],[67,-295],[-255,-60],[62,-370],[247,-367],[180,-589],[160,19],[-10,-246],[213,-94],[-82,-106],[293,-234],[-31,-159],[-182,-37],[-70,143],[-237,61],[-280,83],[-216,355],[-160,306],[-144,487],[-360,242],[-237,-159],[-170,-181],[36,-412],[-219,-189],[-154,91],[-288,23]],[[89175,44933],[-5,1813],[-3,1809]],[[92399,47966],[106,-178],[33,-287],[-87,-151],[-52,328],[-64,216],[-126,181],[-160,238],[-200,162],[77,136],[152,-154],[92,-125],[119,-132],[110,-234]],[[92026,46753],[-152,-132],[-141,-132],[-147,0],[-229,162],[-159,155],[23,174],[249,-83],[152,45],[44,264],[39,15],[25,-294],[160,41],[80,189],[154,200],[-31,325],[167,12],[54,-91],[-5,-306],[-92,-340],[-147,-45],[-44,-159]],[[92989,47033],[82,-125],[136,-355],[132,-185],[-39,-159],[-80,-53],[-118,212],[-124,355],[-59,423],[39,53],[31,-166]],[[89175,44933],[-247,457],[-283,113],[-67,-159],[-353,-19],[119,454],[175,154],[-73,605],[-133,464],[-538,473],[-229,45],[-417,514],[-82,-269],[-109,-49],[-61,200],[-3,242],[-211,276],[299,200],[198,-11],[-23,147],[-407,0],[-111,332],[-247,102],[-118,276],[376,132],[141,182],[445,-227],[44,-208],[80,-899],[286,-332],[231,589],[319,336],[247,0],[240,-192],[206,-200],[298,-106]],[[84712,45061],[29,-110],[5,-170]],[[84746,44781],[-180,-415],[-240,-121],[-33,64],[26,189],[118,340],[275,223]],[[87281,46168],[-29,419],[49,200],[59,189],[62,-162],[0,-269],[-141,-377]],[[82744,52298],[-157,-502],[203,-526],[-46,-256],[311,-514],[-329,-64],[-93,-378],[10,-506],[-265,-378],[-8,-555],[-108,-850],[-41,200],[-314,-253],[-110,340],[-199,34],[-139,178],[-329,-200],[-103,268],[-180,-31],[-229,65],[-44,744],[-139,155],[-134,476],[-38,487],[33,513],[165,371]],[[80461,51116],[46,-374],[191,-314],[180,114],[175,-38],[162,279],[134,49],[262,-155],[227,118],[144,770],[105,197],[98,630],[319,0],[240,-94]],[[85935,48441],[306,-162],[100,-423],[-234,230],[-231,46],[-157,-38],[-193,19],[66,306],[343,22]],[[85242,47894],[-193,102],[-54,238],[281,26],[69,-181],[-103,-185]],[[85536,51206],[20,-302],[163,-49],[28,-227],[-16,-483],[-144,53],[-41,-340],[113,-291],[-77,-68],[-110,351],[-83,710],[54,446],[93,200]],[[84146,50485],[319,23],[276,404],[46,-125],[-221,-551],[-209,-106],[-267,109],[-464,-26],[-242,-83],[-41,-419],[250,-495],[149,253],[517,189],[-20,-257],[-121,83],[-121,-329],[-245,-215],[263,-710],[-52,-193],[250,-638],[-3,-366],[-146,-163],[-111,193],[134,457],[-273,-215],[-67,154],[36,212],[-200,329],[20,540],[-185,-170],[23,-646],[10,-797],[-175,-79],[-121,162],[80,514],[-41,536],[-118,4],[-85,377],[113,367],[41,438],[139,838],[59,231],[234,412],[219,-163],[350,-79]],[[83415,44302],[-370,389],[260,109],[146,-170],[98,-170],[-18,-151],[-116,-7]],[[83706,45257],[185,42],[247,204],[-41,-310],[-417,-155],[-368,68],[-2,200],[221,118],[175,-167]],[[82849,45356],[173,45],[69,-238],[-322,-113],[-193,-72],[-149,4],[95,321],[152,3],[75,197],[100,-147]],[[80134,46432],[39,-196],[532,-57],[60,230],[517,-268],[100,-359],[417,-102],[340,-332],[-317,-212],[-306,227],[-250,-15],[-288,38],[-260,102],[-321,211],[-206,57],[-114,-72],[-507,231],[-48,238],[-255,41],[190,529],[337,-30],[224,-219],[116,-42]],[[78991,49397],[47,-389],[98,-310],[203,-49],[134,-351],[-70,-691],[-10,-858],[-306,-11],[-235,465],[-357,453],[-119,336],[-211,453],[-136,416],[-214,778],[-242,461],[-82,479],[-103,435],[-250,347],[-146,476],[-209,314],[-288,611],[-26,280],[181,-19],[429,-109],[245,-544],[216,-374],[152,-234],[262,-597],[283,-8],[235,-381],[159,-465],[211,-253],[-111,-453],[160,-193],[100,-15]],[[30934,20759],[108,-261],[139,-415],[360,-332],[389,-140],[-124,-280],[-265,-26],[-142,196]],[[31399,19501],[-167,15],[-298,0],[0,1243]],[[33994,33212],[-70,-446],[-75,-570],[3,-551],[-62,-125],[-20,-359]],[[33770,31161],[-18,-291],[352,-476],[-38,-381],[172,-242],[-13,-272],[-267,-714],[-412,-298],[-556,-113],[-306,56],[59,-332],[-57,-416],[52,-279],[-168,-196],[-285,-76],[-265,200],[-108,-143],[38,-556],[188,-166],[152,178],[82,-291],[-255,-170],[-223,-348],[-42,-559],[-64,-298],[-262,0],[-219,-283],[-80,-420],[273,-404],[265,-113],[-95,-499],[-327,-313],[-180,-650],[-255,-223],[-113,-256],[90,-578],[185,-321],[-118,26]],[[30952,20944],[-258,87],[-671,75],[-114,325],[6,416],[-186,-38],[-98,204],[-25,589],[213,242],[88,355],[-31,280],[147,475],[100,733],[-28,329],[121,102],[-31,211],[-129,110],[93,234],[-126,212],[-65,642],[111,109],[-46,680],[67,567],[72,498],[167,200],[-85,544],[0,510],[211,363],[-8,464],[160,541],[0,509],[-72,102],[-129,960],[172,574],[-25,536],[98,506],[182,522],[196,343],[-83,219],[57,178],[-8,925],[301,276],[96,578],[-34,136]],[[31358,37367],[232,502],[363,-132],[164,-404],[109,449],[316,-22],[46,-121]],[[32588,37639],[510,-907],[226,-83],[340,-411],[286,-216],[41,-245],[-275,-846],[280,-151],[314,-83],[219,86],[252,427],[44,491]],[[34825,35701],[139,106],[139,-321],[-5,-442],[-235,-310],[-187,-223],[-312,-540],[-370,-759]],[[31399,19501],[-92,-223],[-237,-173],[-136,19],[-165,45],[-203,166],[-291,79],[-348,310],[-285,298],[-381,624],[229,-117],[388,-371],[368,-200],[145,257],[90,378],[257,230],[196,-64]],[[30669,40234],[136,-378],[36,-400],[147,-238],[-88,-537],[149,-623],[109,-767],[200,76]],[[30952,20944],[-247,4],[-134,-136],[-250,-200],[-46,-518],[-116,-15],[-314,181],[-319,386],[0,0],[-345,321],[-87,351],[79,325],[-139,370],[-36,944],[119,537],[293,430],[-422,159],[265,491],[93,925],[309,-196],[146,1152],[-188,147],[-87,-695],[-175,80],[87,793],[96,1031],[128,378],[-79,543],[-24,624],[116,19],[170,899],[193,887],[118,827],[-64,835],[82,457],[-33,684],[162,680],[52,1076],[87,1152],[88,1243],[-21,910],[-57,782]],[[30452,39807],[142,140],[75,287]],[[58537,45367],[-108,57],[-373,-95],[-75,-68],[-80,-355],[62,-242],[-49,-661],[-33,-555],[75,-98],[195,-219],[75,102],[23,-597],[-211,4],[-116,306],[-103,234],[-211,79],[-62,291],[-170,-174],[-223,76],[-93,253],[-178,49],[-128,-11],[-16,173],[-98,12]],[[56640,43928],[-126,34],[-172,-83],[-118,15],[-70,-53],[15,661],[-92,208],[-21,340],[41,336],[-56,215],[-5,348],[-337,-4],[23,200],[-142,-4],[-15,-94],[-173,-23],[-69,-325],[-41,-136],[-155,76],[-90,-76],[-185,-45],[-106,291],[-64,177],[-80,333],[-67,415],[-821,8],[-97,-68],[-80,11],[-113,-75]],[[53424,46610],[-42,173]],[[53382,46783],[72,57],[8,245],[46,140],[101,117]],[[53609,47342],[74,-56],[93,215],[152,-8],[18,-154],[103,-102],[165,351],[162,268],[69,181],[-7,457],[118,537],[129,287],[182,268],[31,177],[8,204],[46,193],[-15,314],[33,494],[57,344],[82,298],[16,337]],[[55125,51947],[25,389],[108,279],[150,181],[229,-188],[175,-208],[203,-53],[209,-110],[82,337],[38,41],[127,-53],[308,276],[111,-117],[90,15],[41,136],[103,49],[209,-60],[180,-12],[90,57]],[[57603,52906],[170,-457],[123,-68],[75,94],[129,-37],[154,117],[67,-238],[244,-367]],[[58565,51950],[0,0],[-18,-649],[111,-76],[-87,-196],[-109,-151],[-105,-287],[-59,-261],[-16,-446],[-64,-211],[-3,-419]],[[58215,49254],[-79,-155],[-11,-329],[-38,-45],[-26,-302]],[[58061,48423],[70,-254],[18,-668]],[[61551,49065],[-165,457],[-3,2024],[242,631]],[[61625,52177],[78,174],[177,11],[247,393],[363,23],[785,1669]],[[63275,54447],[193,461],[126,344],[0,287],[0,562],[0,227],[3,11],[0,0]],[[63597,56339],[87,12],[129,83],[147,53],[131,192],[105,0],[8,-155],[-26,-321],[0,-290],[-59,-204],[-77,-601],[-134,-619],[-172,-711],[-237,-812],[-239,-623],[-325,-759],[-280,-449],[-415,-552],[-260,-423],[-303,-672],[-65,-291],[-61,-132]],[[59417,49473],[-2,589],[79,223],[137,370],[100,404],[-121,638],[-33,276],[-131,389]],[[59446,52362],[169,329],[188,366]],[[59803,53057],[144,-91],[0,-313],[96,-181],[193,0],[352,-473],[88,-7],[67,15],[59,-64],[185,-42],[82,231],[255,234],[111,-189],[190,0]],[[61551,49065],[-196,-223],[-67,-231],[-105,-41],[-39,-393],[-90,-223],[-54,-370],[-111,-181]],[[56823,54572],[-211,241],[-95,163],[-18,170],[44,230],[0,227],[-160,347],[-33,238]],[[56350,56188],[5,136],[-103,163],[-3,325],[-59,215],[-98,-34],[29,204],[72,230],[-31,231],[90,170],[-57,132],[72,343],[129,408],[239,-37],[-15,2202]],[[56620,60876],[5,234],[319,4],[0,1106]],[[56944,62220],[1117,0],[1078,0],[1102,0]],[[60241,62220],[90,-544],[-62,-102],[41,-570],[101,-665],[105,-136],[152,-204]],[[60668,59999],[-139,-317],[-206,-91],[-87,-169],[-26,-371],[-121,-816],[31,-222]],[[60120,58013],[-46,-480],[-114,-544],[-167,-276],[-118,-426],[-29,-227],[-131,-155],[-82,-582],[5,-498]],[[59438,54825],[-5,434],[-39,8],[5,279],[-33,189],[-142,219],[-33,400],[33,412],[-128,38],[-21,-125],[-167,-26],[67,-163],[25,-336],[-154,-306],[-136,-400],[-145,-57],[-234,325],[-105,-113],[-29,-163],[-141,-105],[-10,-114],[-276,0],[-38,114],[-201,19],[-100,-95],[-78,49],[-141,321],[-49,155],[-201,-75],[-74,-261],[-73,-495],[-95,-106],[-85,-60],[188,-215]],[[56350,56188],[-175,-94],[-142,-223],[-201,-608],[-260,-257],[-270,34],[-77,-49],[28,-196],[-146,-193],[-116,-219],[-350,-212],[-70,125],[-46,11],[-51,-143],[-229,-42]],[[54245,54122],[43,151],[-87,382],[-41,230],[-121,95],[-163,324],[60,261],[126,-53],[80,38],[154,-4],[-152,503],[10,370],[-18,370],[-110,355]],[[54026,57144],[28,261],[-178,15],[0,355],[-115,207],[121,729],[352,525],[16,722],[108,1129],[59,238],[-116,193],[-5,174],[-103,147],[-69,861]],[[54124,62700],[280,306],[1109,-1065],[1107,-1065]],[[30079,60951],[26,-302],[-23,-211],[-67,-95],[72,-166],[-5,-151]],[[30082,60026],[-185,94],[-132,-41],[-170,41],[-128,-102],[-150,170],[24,182],[257,-80],[208,-41],[101,121],[-126,241],[0,212],[-175,87],[64,155],[170,-27],[239,-87]],[[30079,60951],[36,95],[216,0],[165,-144],[72,11],[52,-196],[151,11],[-10,-166],[124,-19],[139,-204],[-106,-226],[-131,121],[-126,-23],[-93,26],[-49,-102],[-108,-34],[-41,136],[-93,-79],[-110,-381],[-72,86],[-13,163]],[[99644,89499],[355,230],[0,-378],[-304,-30],[-51,178]],[[63638,75776],[-126,-328],[-270,-91],[-276,-574],[252,-529],[-25,-374],[303,-653],[0,0]],[[63496,73227],[-167,-223],[-46,-144],[-124,38],[-190,340],[-80,19]],[[62889,73257],[-175,128],[-85,227],[-257,117],[-170,-87],[-49,102],[-378,265],[-410,90],[-234,95],[-33,-64]],[[61098,74130],[-355,468],[-317,211],[-239,325],[203,91],[229,465],[-154,219],[409,226],[-8,121],[-249,-91]],[[60617,76165],[10,250],[141,155],[271,41],[43,185],[-61,306],[113,291],[-5,162],[-410,182],[-162,-8],[-170,261],[-213,-87],[-353,196],[5,110],[-97,238],[-222,26],[-23,174],[70,113],[-178,314],[-288,-53],[-85,26],[-70,-124],[-105,22]],[[58828,78945],[0,0],[-67,355],[-67,186],[54,52],[224,-22],[108,124],[-80,148],[-188,98],[19,98],[-114,102],[-175,363],[59,151],[-25,260],[-273,133],[-144,-65],[-41,136],[-291,140]],[[57827,81204],[-90,329],[-23,268],[-134,128]],[[57580,81929],[118,178],[-82,517],[198,321],[-41,95],[0,0]],[[57773,83040],[314,309],[-291,265]],[[57796,83614],[0,0],[594,706],[260,321],[103,284],[-411,381],[115,363],[-252,411],[188,476],[-322,635],[255,419],[-425,370],[42,389]],[[57943,88369],[224,49],[470,223]],[[58637,88641],[0,0],[289,197],[455,-337],[762,-132],[1047,-631],[214,-264],[18,-370],[-306,-291],[-456,-147],[-1238,423],[-205,-72],[452,-408],[18,-257],[19,-566],[357,-170],[219,-144],[33,268],[-167,238],[178,212],[671,-348],[235,136],[-188,408],[648,544],[255,-30],[260,-196],[162,381],[-232,332],[137,333],[-203,344],[777,-178],[157,-310],[-350,-71],[0,-306],[218,-193],[430,121],[67,355],[582,264],[970,476],[208,-26],[-272,-336],[342,-61],[201,193],[520,15],[411,230],[317,-336],[316,370],[-290,321],[144,182],[821,-167],[383,-173],[1006,-635],[188,291],[-283,291],[-8,121],[-334,53],[90,264],[-147,434],[-10,178],[512,502],[183,506],[208,106],[734,-143],[59,-310],[-263,-450],[173,-177],[87,-389],[-61,-763],[306,-340],[-119,-370],[-545,-790],[319,-83],[108,200],[306,144],[75,276],[239,264],[-162,317],[131,367],[-303,45],[-67,310],[221,555],[-360,453],[496,374],[-64,397],[139,11],[144,-306],[-108,-536],[296,-102],[-126,400],[466,219],[576,31],[512,-318],[-247,461],[-25,593],[481,113],[669,-26],[602,72],[-226,291],[321,366],[320,15],[540,276],[733,72],[93,154],[728,49],[229,-124],[623,298],[510,-11],[77,242],[265,234],[656,230],[476,-181],[-378,-136],[628,-87],[77,-276],[252,136],[814,-7],[625,-268],[224,-212],[-70,-287],[-308,-166],[-729,-306],[-208,-166],[345,-76],[409,-143],[250,105],[141,-355],[124,144],[442,87],[893,-91],[67,-261],[1161,-83],[15,427],[592,-98],[443,4],[448,-295],[128,-355],[-164,-230],[350,-438],[434,-227],[268,582],[448,-250],[473,151],[536,-170],[206,155],[455,-79],[-201,517],[366,238],[2509,-358],[237,-329],[725,-427],[1123,106],[553,-91],[231,-230],[-33,-408],[342,-155],[371,113],[494,15],[522,-109],[528,60],[484,-494],[345,177],[-224,355],[123,249],[886,-158],[576,34],[800,-265],[389,-241],[0,-2214],[-3,-4],[-357,-241],[-358,37],[250,-294],[164,-457],[129,-151],[33,-231],[-72,-147],[-517,121],[-777,-416],[-247,-64],[-425,-393],[-404,-340],[-103,-253],[-396,386],[-723,-438],[-126,207],[-268,-238],[-373,76],[-88,-367],[-334,-536],[10,-223],[317,-124],[-39,-809],[-257,-22],[-119,-465],[116,-238],[-486,-283],[-95,-635],[-415,-136],[-85,-566],[-399,-518],[-103,386],[-118,808],[-157,1235],[134,770],[234,333],[15,260],[433,125],[497,699],[476,570],[499,442],[224,786],[-337,-49],[-168,-457],[-705,-608],[-226,679],[-718,-188],[-695,-930],[229,-340],[-620,-147],[-427,-56],[18,404],[-430,83],[-345,-272],[-849,94],[-914,-166],[-901,-1084],[-1065,-1311],[440,-68],[136,-347],[268,-125],[180,276],[304,-34],[401,-612],[8,-472],[-216,-555],[-23,-665],[-126,-888],[-417,-804],[-96,-382],[-375,-649],[-376,-639],[-178,-328],[-370,-329],[-175,-7],[-175,271],[-373,-407],[-44,-186]],[[86326,73453],[-39,99],[0,0]],[[86287,73552],[0,283],[142,15],[38,657],[-72,476],[237,193],[337,-98],[188,544],[95,608],[108,200],[147,502],[-460,-166],[-240,-219],[-422,4],[-113,521],[-330,393],[-483,177],[-103,544],[-96,344],[-105,238],[-170,559],[-244,208],[-417,162],[-368,-15],[-345,-98],[-229,-276],[152,-132],[5,-306],[-157,-181],[-250,-590],[3,-241],[-391,-352],[-335,208]],[[82409,77714],[-329,-45],[-147,185],[-167,60],[-407,-389],[-365,-94],[-255,-136],[-350,90],[-258,-7],[-169,283],[-271,268],[-280,72],[-350,-72],[-263,-102],[-393,235],[-54,415],[-327,144],[-252,64],[-312,230],[-288,-578],[113,-325],[-270,-389],[-402,140],[-275,23],[-188,257],[-288,11],[-242,170],[-422,-264],[-530,-476],[-293,-99]],[[74375,77385],[-109,-45]],[[76047,95013],[603,125],[540,-280],[638,-536],[-67,-499],[-607,-71],[-775,162],[-460,212],[-214,396],[-378,110],[720,381]],[[78564,94042],[705,-313],[-82,-227],[-1567,-215],[509,729],[227,64],[208,-38]],[[88562,92297],[734,-26],[1006,-291],[-219,-415],[-1024,15],[-461,-129],[-550,359],[149,382],[365,105]],[[91172,91859],[697,-147],[-321,-219],[-443,49],[-517,219],[67,181],[517,-83]],[[88851,90760],[262,219],[347,53],[394,-215],[36,-144],[-422,-3],[-569,60],[-48,30]],[[62457,94771],[543,102],[422,4],[56,-147],[160,132],[262,91],[412,-121],[-108,-83],[-373,-76],[-250,-41],[-38,-91],[-325,-91],[-301,133],[157,170],[-617,18]],[[56314,80181],[-510,-8],[-342,64]],[[55462,80237],[62,242],[383,181]],[[55907,80660],[291,-98],[123,-87],[-31,-151],[24,-143]],[[64863,90972],[664,487],[-75,253],[623,291],[916,359],[924,102],[476,207],[541,72],[193,-219],[-186,-174],[-985,-275],[-847,-265],[-865,-529],[-414,-540],[-435,-536],[57,-461],[532,-457],[-164,-49],[-909,76],[-72,245],[-504,147],[-41,303],[285,117],[-10,302],[551,476],[-255,68]],[[89697,79837],[98,-537],[-8,-547],[114,-559],[280,-986],[-412,185],[-170,-805],[271,-570],[-8,-385],[-211,332],[-183,-430],[-51,468],[31,540],[-31,601],[64,419],[13,744],[-162,544],[23,759],[257,257],[-110,257],[123,79],[72,-366]],[[1408,87334],[-23,-343],[187,-140],[-64,404],[754,-83],[543,-518],[-275,-241],[-456,-61],[-5,-540],[-113,-117],[-260,15],[-211,197],[-368,162],[-64,238],[-281,91],[-316,-72],[-152,196],[61,204],[-332,-128],[124,-265],[-157,-234],[0,2214],[679,-423],[729,-556]],[[363,89385],[-363,-34],[0,378],[36,23],[234,0],[402,-159],[-23,-75],[-286,-133]],[[59286,75538],[75,140],[198,-121],[87,-22],[36,-110],[44,-15]],[[59726,75410],[3,-49],[133,-132],[284,30],[-54,-196],[-304,-99],[-376,-321],[-154,114],[59,260],[-304,163],[52,109],[265,185],[-44,64]],[[28062,64883],[128,46],[186,-19],[7,-144],[-303,-91],[-18,208]],[[28391,65023],[219,-253],[-47,-393],[-51,72],[5,291],[-126,219],[0,64]],[[28280,64007],[83,-23],[97,-461],[3,-324],[-69,-27],[-70,321],[-105,159],[61,355]],[[33000,21193],[332,333],[237,-136],[167,223],[222,-253],[-83,-193],[-376,-166],[-123,192],[-237,-249],[-139,249]],[[54206,94262],[105,192],[407,19],[353,-196],[913,-412],[-700,-219],[-154,-408],[-242,-106],[-134,-461],[-334,-22],[-598,340],[253,196],[-417,163],[-541,468],[-216,434],[757,200],[152,-196],[396,8]],[[57943,88369],[115,389],[-355,219],[-432,-185],[-136,-408],[-266,-245],[-298,132],[-360,-26],[-309,294],[-167,-147]],[[55735,88392],[-173,-23],[-41,-366],[-522,91],[-75,-310],[-268,0],[-182,-393],[-278,-616],[-430,-782],[100,-192],[-98,-219],[-275,11],[-180,-521],[18,-740],[177,-280],[-92,-653],[-232,-382],[-121,-321]],[[53063,82696],[-188,344],[-548,-646],[-370,-129],[-384,284],[-100,597],[-88,1280],[258,359],[733,468],[548,571],[507,774],[669,1073],[466,419],[762,695],[610,245],[458,-30],[422,461],[507,-27],[499,114],[868,-408],[-358,-147],[303,-352]],[[57613,94473],[-412,-298],[-805,-65],[-821,91],[-49,155],[-399,11],[-303,253],[857,155],[404,-132],[280,166],[703,-140],[545,-196]],[[56867,93253],[-620,-230],[-489,128],[190,144],[-167,177],[576,113],[108,-207],[402,-125]],[[37010,95905],[931,332],[976,-26],[355,204],[980,52],[2219,-68],[1739,-442],[-514,-211],[-1063,-26],[-1495,-53],[141,-99],[983,61],[837,-193],[537,170],[232,-200],[-304,-321],[706,204],[1351,215],[831,-106],[157,-237],[-1132,-397],[-157,-125],[-888,-98],[643,-26],[-324,-405],[-224,-358],[8,-620],[334,-362],[-435,-23],[-455,-178],[512,-294],[64,-472],[-296,-49],[358,-480],[-615,-38],[322,-227],[-93,-196],[-391,-87],[-386,0],[347,-378],[5,-245],[-550,227],[-145,-148],[376,-139],[366,-340],[105,-446],[-497,-106],[-213,212],[-345,321],[95,-378],[-321,-291],[730,-26],[384,-30],[-744,-484],[-754,-438],[-813,-189],[-306,-4],[-289,-215],[-386,-585],[-597,-390],[-193,-22],[-370,-136],[-399,-132],[-237,-344],[-5,-389],[-139,-363],[-453,-445],[111,-435],[-124,-461],[-144,-540],[-391,-34],[-409,454],[-556,3],[-270,302],[-186,544],[-481,692],[-139,362],[-39,499],[-386,513],[101,408],[-186,197],[276,649],[417,204],[110,235],[60,434],[-319,-196],[-150,-84],[-249,-79],[-343,181],[-18,378],[108,295],[258,7],[569,-147],[-479,355],[-250,189],[-275,-79],[-232,139],[309,518],[-167,204],[-222,385],[-334,589],[-353,216],[3,234],[-746,325],[-590,41],[-741,-23],[-679,-41],[-322,177],[-481,348],[728,174],[558,30],[-1188,143],[-626,227],[39,219],[1052,265],[1017,268],[108,204],[-752,196],[242,223],[963,389],[404,57],[-116,253],[659,143],[854,87],[852,8],[304,-174],[738,306],[662,-208],[391,-45],[576,-182],[-661,303],[39,238]],[[69148,22987],[180,-177],[262,-68],[8,-106],[-77,-253],[-425,-38],[-7,299],[41,226],[18,117]],[[84712,45061],[34,128],[239,125],[193,19],[88,72],[105,-72],[-103,-147],[-291,-246],[-231,-159]],[[54540,34122],[132,276],[110,-151],[47,-238],[126,-41],[175,-106],[149,41],[247,284],[0,2054]],[[55526,36241],[75,-86],[164,-526],[-25,-339],[61,-197],[201,57],[139,249],[131,166],[67,268],[137,129],[116,-68],[133,-155],[227,-26],[177,128],[29,174],[49,264],[149,45],[85,208],[92,370],[250,416],[391,408]],[[58174,37726],[113,-4],[134,-94],[96,64],[146,-53]],[[58663,37639],[134,-782],[72,-397],[-49,-619],[23,-200]],[[58843,35641],[-141,102],[-80,-38],[-26,-162],[-74,-208],[2,-193],[165,-302],[162,61],[57,245]],[[58908,35146],[211,-4]],[[59119,35142],[-70,-404],[-33,-461],[-72,-249],[-188,-283],[-54,-80],[-119,-283],[-77,-283],[-157,-401],[-314,-570],[-198,-336],[-208,-253],[-291,-215],[-142,-27],[-36,-155],[-167,83],[-139,-105],[-301,105],[-167,-68],[-116,31],[-286,-219],[-237,-91],[-172,-208],[-126,-15],[-118,200],[-93,8],[-121,249],[-13,-75],[-36,147],[0,325],[-90,374],[90,102],[-8,426],[-180,518],[-141,472],[0,0],[-199,721]],[[58048,33915],[-121,170],[-128,-114],[-152,-219],[-147,-351],[208,-427],[98,57],[52,177],[154,87],[49,182],[85,268],[-98,170]],[[22907,64354],[111,19],[-109,-491],[-48,-396],[-21,-744],[-26,-272],[47,-306],[87,-268],[54,-431],[185,-416],[65,-317],[108,-272],[296,-147],[116,-234],[241,155],[214,56],[206,102],[175,95],[178,226],[66,325],[24,465],[46,162],[188,147],[293,129],[247,-19],[167,45],[67,-117],[-7,-268],[-150,-329],[-67,-340],[52,-94],[-41,-242],[-70,-434],[-72,143],[-56,-7]],[[25473,60279],[-54,-8],[-98,-336],[-52,64],[-33,-26],[2,-79]],[[25238,59894],[-257,3],[-260,0],[0,-313],[-126,0],[103,-185],[103,-129],[31,-120],[46,-34],[-8,-189],[-355,0],[-134,-454],[39,-105],[-33,-129],[-6,-162]],[[24381,58077],[-314,597],[-144,181],[-226,143],[-155,-37],[-223,-212],[-142,-53],[-196,148],[-208,105],[-260,253],[-206,80],[-316,257],[-232,264],[-69,151],[-157,30],[-284,178],[-115,253],[-299,317],[-139,348],[-67,272],[93,52],[-28,159],[64,144],[3,192],[-96,250],[-25,222],[-93,280],[-245,551],[-277,435],[-137,347],[-239,227],[-49,136],[41,344],[-141,128],[-165,272],[-70,385],[-149,46],[-160,294],[-131,268],[-13,174],[-149,419],[-98,427],[5,212],[-200,223],[-93,-27],[-159,155],[-44,-227],[46,-268],[26,-415],[95,-231],[206,-381],[46,-132],[41,-38],[39,-193],[49,8],[54,-355],[85,-144],[59,-196],[175,-284],[93,-517],[82,-242],[77,-260],[16,-295],[134,-15],[110,-253],[101,-249],[-6,-99],[-118,-204],[-49,0],[-72,340],[-183,318],[-200,268],[-142,140],[10,407],[-43,299],[-132,174],[-190,249],[-39,-72],[-69,144],[-170,136],[-165,321],[21,41],[113,-30],[103,208],[10,249],[-213,397],[-162,154],[-103,348],[-103,363],[-129,445],[-113,499]],[[33994,33212],[180,61],[278,-431],[103,15],[285,-355],[219,-306],[160,-378],[-121,-264],[77,-314]],[[35175,31240],[-121,-351],[-314,-306],[-206,110],[-149,-61],[-258,238],[-188,-15],[-169,306]],[[34825,35701],[56,321],[36,329],[0,302],[-100,102],[-103,-91],[-103,27],[-33,211],[-26,510],[-51,166],[-188,152],[-114,-110],[-293,106],[18,755],[-82,310]],[[33842,38791],[87,113],[-26,318],[75,245],[49,434],[-64,348],[-152,155],[-31,219],[41,321],[-533,23],[-105,645],[80,12],[-3,238],[-54,162],[-13,321],[-162,166],[-175,-7],[-113,162],[-188,110],[-111,208],[-311,94],[-301,495],[23,374],[-34,211],[29,419],[-363,-94],[-147,-208],[-242,-226],[-61,-170],[-145,-12],[-205,49]],[[30687,43916],[-157,-98],[-127,64],[18,847],[-229,-329],[-244,15],[-106,295],[-182,34],[59,238],[-154,336],[-116,502],[72,102],[0,234],[167,159],[-28,302],[72,193],[20,260],[317,378],[229,106],[36,83],[250,-27]],[[30584,47610],[126,1526],[7,238],[-43,321],[-124,201],[0,404],[157,90],[57,-56],[7,211],[-162,61],[-2,347],[540,-15],[93,193],[77,-178],[54,-325],[52,68]],[[31423,50696],[154,-294],[214,38],[54,170],[208,128],[113,91],[34,234],[198,158],[-15,117],[-237,50],[-39,347],[13,374],[-124,144],[52,52],[206,-71],[219,-140],[82,132],[198,87],[311,208],[101,211],[-36,155]],[[33129,52887],[144,27],[64,-129],[-36,-245],[95,-83],[65,-257],[-77,-197],[-44,-472],[72,-283],[21,-257],[169,-261],[137,-26],[31,109],[87,23],[126,98],[90,148],[155,-46],[67,19]],[[34295,51055],[151,-45],[24,113],[-47,110],[29,162],[113,-49],[129,57],[159,-117]],[[34853,51286],[121,-117],[88,151],[61,-23],[39,-155],[131,38],[108,211],[85,408],[165,510]],[[35651,52309],[95,27],[67,-310],[157,-971],[147,-90],[7,-386],[-208,-457],[87,-166],[492,-87],[8,-559],[211,367],[350,-201],[463,-340],[134,-324],[-44,-306],[322,170],[540,-295],[415,23],[411,-461],[355,-623],[214,-159],[237,-23],[100,-173],[95,-711],[47,-336],[-111,-918],[-142,-362],[-391,-771],[-177,-630],[-206,-480],[-70,-11],[-77,-408],[21,-1043],[-77,-857],[-31,-367],[-88,-219],[-49,-740],[-283,-725],[-46,-574],[-224,-242],[-67,-332],[-301,0],[-438,-212],[-195,-249],[-312,-163],[-326,-442],[-235,-551],[-41,-412],[47,-309],[-52,-560],[-62,-271],[-195,-306],[-309,-979],[-242,-438],[-190,-260],[-127,-529],[-182,-318]],[[33842,38791],[-5,170],[-258,283],[-257,12],[-484,-163],[-134,-491],[-8,-298],[-108,-665]],[[30669,40234],[175,600],[-119,465],[65,189],[-52,204],[108,279],[8,472],[13,389],[59,189],[-239,895]],[[30452,39807],[-278,317],[-25,231],[-551,555],[-497,608],[-216,344],[-113,457],[44,162],[-235,729],[-272,1024],[-263,1106],[-116,254],[-87,407],[-214,363],[-198,227],[90,249],[-136,529],[87,389],[222,351]],[[27694,48109],[33,-234],[-80,-132],[8,-201],[113,42],[113,-60],[116,-280],[157,231],[54,373],[170,484],[335,219],[301,582],[87,358],[-38,424]],[[29063,49915],[74,52],[186,-264],[87,-261],[129,-143],[164,-582],[206,-72],[152,148],[101,-95],[167,49],[213,-260],[-180,-567],[83,-15],[139,-295]],[[29063,49915],[-119,132],[-136,185],[-80,-91],[-234,79],[-70,238],[-51,-7],[-278,317]],[[28095,50768],[-36,170],[103,42],[-13,279],[64,200],[139,38],[116,351],[108,291],[-103,132],[52,321],[-62,510],[59,144],[-44,472],[-113,295]],[[28365,54013],[36,268],[90,-38],[52,166],[-65,325],[34,83]],[[28512,54817],[144,-19],[209,389],[113,57],[5,185],[49,468],[159,261],[175,8],[24,117],[216,-46],[218,280],[109,125],[136,268],[98,-34],[72,-148],[-54,-185]],[[30185,56543],[-178,-94],[-69,-280],[-108,-158],[-83,-204],[-33,-397],[-77,-325],[144,-37],[36,-257],[61,-121],[21,-223],[-33,-208],[10,-117],[69,-45],[65,-193],[357,53],[163,-72],[195,-476],[111,57],[201,-26],[159,60],[98,-94],[-52,-299],[-61,-189],[-21,-396],[57,-370],[77,-163],[10,-124],[-141,-280],[103,-121],[72,-192],[85,-556]],[[28365,54013],[-92,158],[-60,302],[70,148],[-72,38],[-52,185],[-136,155],[-124,-38],[-56,-193],[-111,-140],[-62,-19],[-25,-117],[131,-298],[-75,-72],[-41,-83],[-129,-26],[-48,328],[-36,-94],[-91,34],[-56,223],[-113,37],[-72,65],[-121,0],[-8,-121],[-34,83]],[[26952,54568],[16,109],[23,114],[-10,102],[41,64],[-57,83],[-2,223],[108,53]],[[27071,55316],[100,-200],[-8,-117],[111,-27],[28,45],[75,-136],[136,38],[119,144],[170,109],[95,166],[152,-30],[-11,-56],[155,-19],[123,-95],[93,-170],[103,-151]],[[26952,54568],[-149,125],[-56,117],[30,94],[-7,125],[-78,132],[-110,109],[-95,72],[-18,163],[-72,98],[15,-163],[-54,-132],[-64,155],[-88,57],[-39,109],[0,170],[39,174],[-80,79],[65,106]],[[26191,56158],[41,72],[183,-147],[64,75],[87,-49],[47,-113],[82,-38],[67,117]],[[26762,56075],[69,-302],[109,-223],[131,-234]],[[26191,56158],[-96,178],[-131,222],[-62,189],[-115,174],[-139,249],[31,87],[46,-83],[20,38]],[[25745,57212],[85,23],[36,128],[42,4],[-8,275],[67,12],[56,-4],[62,147],[80,-109],[31,68],[49,64],[97,155],[6,113],[25,-4],[36,133],[29,15],[49,-83],[54,-27],[61,72],[70,0],[98,72],[38,75],[96,-11]],[[26904,58330],[-24,-53],[-15,-125],[28,-204],[-64,-188],[-28,-223],[-11,-246],[16,-143],[7,-250],[-43,-52],[-26,-238],[21,-148],[-60,-143],[13,-148],[44,-94]],[[25745,57212],[-48,174],[-85,49]],[[25612,57435],[20,223],[-38,60],[-57,38],[-121,-64],[-10,75],[-85,87],[-59,113],[-83,46]],[[25179,58013],[57,139],[-21,110],[18,109],[134,155],[126,212]],[[25493,58738],[29,-23],[61,98],[80,8],[26,-45],[41,26],[131,-49],[126,15],[90,60],[34,65],[87,-31],[67,-37],[72,11],[57,49],[126,-75],[44,-12],[85,-105],[80,-125],[102,-83],[73,-155]],[[25612,57435],[-31,-129],[-160,8],[-100,53],[-116,109],[-154,34],[-78,121]],[[24973,57631],[8,79],[95,140],[54,64],[-15,65],[64,34]],[[25238,59894],[-2,-442],[-23,-627],[85,0]],[[25298,58825],[90,-98],[23,83],[82,-72]],[[24973,57631],[-141,95],[-175,11],[-126,109],[-150,231]],[[25473,60279],[0,-83],[54,-4],[-5,-151],[-47,-238],[26,-87],[-31,-200],[18,-53],[-31,-279],[-54,-148],[-51,-19],[-54,-192]],[[30185,56543],[-8,-132],[-162,-64],[90,-253],[-3,-291],[-123,-321],[105,-442],[119,34],[64,404],[-87,197],[-13,419],[345,226],[-39,261],[98,174],[100,-389],[196,-8],[180,-309],[10,-186],[250,-3],[296,56],[159,-249],[211,-68],[157,174],[3,140],[345,34],[332,7],[-234,-166],[95,-261],[221,-41],[211,-276],[44,-442],[144,11],[108,-132]],[[33399,54647],[-219,-325],[-25,-204],[95,-204],[-67,-105],[-173,-91],[6,-257],[-75,-151],[188,-423]],[[33399,54647],[183,-204],[172,-362],[8,-287],[105,-12],[150,-272],[108,-192]],[[34125,53318],[-44,-499],[-170,-147],[16,-129],[-52,-287],[124,-404],[90,0],[36,-313],[170,-484]],[[34125,53318],[334,-110],[29,98],[224,42],[298,-151]],[[35010,53197],[-144,-476],[23,-382],[108,-328],[-49,-238],[-23,-257],[-72,-230]],[[35010,53197],[95,-61],[206,-132],[294,-468],[46,-227]],[[51717,77480],[132,-147],[401,-102],[-142,-382],[-36,-393]],[[52072,76456],[-74,-94],[-126,49],[7,-140],[-203,-313],[-2,-253],[131,90],[95,-245]],[[51900,75550],[-10,-159],[80,-208],[-96,-170],[72,-426],[150,-72],[-31,-242]],[[52065,74273],[-252,-313],[-549,151],[-404,-182],[-31,-332]],[[50829,73597],[-321,-72],[-314,250],[-101,-121],[-512,253],[-110,215]],[[49471,74122],[144,332],[54,1111],[-288,582],[-204,279],[-424,215],[-29,404],[361,121],[465,-143],[-87,631],[262,-238],[646,430],[83,457],[244,114]],[[50698,78417],[39,-197],[131,-11],[129,-223],[193,-261],[144,46],[242,-257]],[[51576,77514],[62,-45],[79,11]],[[52430,73680],[178,215],[46,-479],[-90,-427],[-126,113],[-64,374],[56,204]],[[27694,48109],[146,416],[-59,241],[-105,-257],[-168,242],[57,155],[-46,506],[97,83],[52,348],[103,359],[-18,226],[152,117],[190,223]],[[31587,60286],[142,-49],[51,-109],[-72,-144],[-208,4],[-162,-19],[-16,238],[39,83],[226,-4]],[[28453,60271],[188,-49],[146,-132],[47,-155],[-196,-7],[-85,-95],[-154,91],[-160,200],[34,128],[115,38],[65,-19]],[[27148,62881],[239,-37],[219,-8],[260,-189],[111,-204],[260,64],[97,-132],[237,-344],[173,-249],[90,8],[167,-114],[-21,-158],[204,-23],[211,-226],[-34,-129],[-185,-72],[-185,-26],[-193,41],[-397,-52],[186,309],[-114,144],[-177,38],[-98,158],[-64,317],[-157,-22],[-260,151],[-83,117],[-362,87],[-98,106],[105,139],[-273,31],[-200,-291],[-114,-8],[-41,-136],[-136,-60],[-118,53],[146,170],[59,204],[127,120],[141,110],[211,53],[67,60]],[[58174,37726],[-177,253],[-214,83],[-82,355],[0,193],[-119,60],[-314,612],[-87,321],[-57,98],[-108,446]],[[57016,40147],[312,-61],[90,-64],[95,12],[152,358],[242,457],[100,46],[33,192],[157,219],[211,80]],[[58408,41386],[18,-208],[232,11],[129,-117],[59,-139],[134,-42],[144,-178],[0,-702],[-54,-385],[-10,-416],[43,-162],[-31,-329],[-43,-49],[-72,-400],[-294,-631]],[[55526,36241],[0,1621],[273,19],[10,1979],[206,19],[427,192],[108,-226],[175,215],[85,4],[157,124]],[[56967,40188],[49,-41]],[[54540,34122],[-208,420],[-108,408],[-62,540],[-67,404],[-92,854],[-8,664],[-36,302],[-108,231],[-142,457],[-146,668],[-62,348],[-224,544],[-18,427]],[[53259,40389],[134,105],[167,95],[180,-19],[165,-249],[41,37],[1127,23],[193,-264],[672,-80],[509,227]],[[56447,40264],[229,128],[181,-34],[108,-124],[2,-46]],[[45356,57552],[-114,434],[-139,197],[124,105],[134,389],[67,287]],[[45428,58964],[92,178],[139,-49],[137,121],[154,7],[134,-162],[183,-147],[169,-412],[183,-382]],[[46619,58118],[13,-343],[54,-318],[103,-158],[26,-216],[-13,-169]],[[46802,56914],[-41,-34],[-152,45],[-21,-61],[-61,-15],[-199,136],[-133,8]],[[46195,56993],[-515,22],[-75,-64],[-90,19],[-149,-90]],[[45366,56880],[-44,426]],[[45322,57306],[252,-11],[67,76],[49,7],[103,129],[121,-121],[118,-8],[121,125],[-56,158],[-90,-90],[-88,0],[-108,139],[-90,-11],[-62,-132],[-303,-15]],[[46619,58118],[93,102],[46,329],[90,11],[193,-155],[157,110],[106,-34],[43,121],[1115,11],[62,389],[-49,68],[-134,2395],[-134,2398],[425,12]],[[48632,63875],[936,-1213],[937,-1212],[67,-261],[173,-158],[128,-91],[3,-351],[309,53]],[[51185,60642],[0,-1281],[-152,-370],[-23,-344],[-247,-87],[-379,-49],[-103,-196],[-177,-23]],[[50104,58292],[-178,0],[-69,106],[-155,-79],[-257,-231],[-54,-174],[-216,-249],[-39,-143],[-116,-114],[-134,76],[-77,-136],[-38,-382],[-222,-460],[5,-186],[-74,-237],[18,-322]],[[48498,55761],[-113,-83],[-67,-68],[-41,235],[-80,-61],[-49,11],[-52,-162],[-213,4],[-77,83],[-36,-49]],[[47770,55671],[-85,158],[15,167],[-36,64],[-59,-53],[10,178],[57,143],[-113,234],[-34,151],[-62,125],[-54,15],[-67,-79],[-90,-76],[-77,-117],[-118,42],[-78,143],[-46,19],[-72,-75],[-44,0],[-15,204]],[[47587,65219],[1045,-1344]],[[45428,58964],[-26,299],[77,272],[36,525],[-31,548],[-33,275],[28,280],[-72,264],[-147,238]],[[50747,53476],[-229,-64]],[[50518,53412],[-69,382],[12,1276],[-56,114],[-10,275],[-96,193],[-85,166],[36,291]],[[50250,56109],[96,64],[56,242],[134,53],[62,166]],[[50598,56634],[92,162],[101,0],[211,-317]],[[51002,56479],[-10,-185],[61,-332],[-54,-223],[29,-147],[-134,-344],[-85,-174],[-54,-347],[8,-355],[-16,-896]],[[54026,57144],[-77,-34],[-11,-174]],[[53938,56936],[-51,-15],[-188,608],[-64,23],[-219,-310],[-214,163],[-149,34],[-80,-80],[-165,15],[-162,-234],[-141,-15],[-337,287],[-132,-136],[-141,11],[-106,208],[-278,208],[-298,-64],[-72,-121],[-39,-321],[-80,-223],[-20,-495]],[[50598,56634],[5,378],[-319,128],[-8,268],[-157,363],[-38,253],[23,268]],[[51185,60642],[391,249],[805,1088],[952,1061]],[[53333,63040],[438,-242],[157,-302],[196,204]],[[53938,56936],[111,-223],[-31,-102],[-15,-181],[-232,-431],[-75,-355],[-38,-290],[-59,-121],[-57,-389],[-149,-231],[-41,-279],[-65,-227],[-26,-230],[-190,-185],[-154,226],[-106,-7],[-167,-325],[-80,-8],[-131,-536],[-72,-393]],[[52361,52649],[-289,-200],[-105,30],[-108,-124],[-221,11],[-150,347],[-90,405],[-198,366],[-208,-8],[-245,0]],[[54245,54122],[-142,-563],[-64,-102],[-24,-430],[29,-234],[-23,-163],[131,-291],[23,-200],[103,-287],[129,-177],[10,-253],[31,-163]],[[54448,51259],[-21,-298],[-221,128],[-224,148],[-350,22]],[[53632,51259],[-36,30],[-162,-71],[-170,75],[-131,-38]],[[53133,51255],[-453,12]],[[52680,51267],[41,442],[-108,366],[-129,94],[-56,250],[-70,79],[3,151]],[[50518,53412],[-224,-117]],[[50294,53295],[-62,193],[-74,351],[-23,279],[61,499],[-69,204],[-26,438],[0,401],[-116,287],[21,173]],[[50006,56120],[244,-11]],[[50294,53295],[-435,-329],[-154,-188],[-252,-163],[-247,159]],[[49206,52774],[12,219],[-121,480],[73,627],[118,464],[-75,793]],[[49213,55357],[-36,416],[5,317],[484,27],[121,-42],[90,91],[129,-46]],[[48498,55761],[126,-120],[49,-185],[123,-118],[98,140],[129,23],[190,-144]],[[49206,52774],[-127,-4],[-193,106],[-177,-4],[-330,-98],[-193,-159],[-275,-204],[-54,12]],[[47857,52423],[21,460],[28,68],[-10,219],[-116,235],[-90,34],[-80,154],[59,246],[-26,268],[13,163]],[[47656,54270],[44,0],[16,241],[-21,110],[26,75],[103,68],[-70,446],[-62,227],[21,189],[57,45]],[[47656,54270],[-79,15],[-57,-223],[-77,0],[-54,121],[18,222],[-116,340],[-75,-64],[-59,-11]],[[47157,54670],[-75,-34],[3,204],[-46,147],[10,163],[-59,230],[-77,200],[-224,0],[-65,-102],[-77,-15],[-46,-121],[-34,-151],[-146,-245]],[[46321,54946],[-124,328],[-108,219],[-69,72],[-70,110],[-31,245],[-41,121],[-82,91]],[[45796,56132],[123,272],[85,-12],[72,95],[62,0],[44,75],[-23,182],[30,60],[6,189]],[[45796,56132],[-147,234],[-118,38],[-62,154],[0,84],[-85,120],[-18,118]],[[47857,52423],[-72,-4],[-286,264],[-254,423],[-235,306],[-188,359]],[[46822,53771],[67,177],[13,159],[126,302],[129,261]],[[46822,53771],[-74,41],[-201,223],[-144,299],[-49,200],[-33,412]],[[55125,51947],[-178,30],[-188,94],[-167,-294],[-144,-518]],[[56823,54572],[152,-227],[3,-177],[187,-291],[116,-242],[70,-332],[208,-219],[44,-178]],[[53609,47342],[-103,193],[-85,-94],[-111,-242]],[[53310,47199],[-229,589]],[[53081,47788],[211,306],[-105,370],[95,140],[188,68],[23,245],[149,-268],[245,-22],[85,264],[36,366],[-31,435],[-131,328],[118,646],[-69,110],[-206,-46],[-78,287],[21,242]],[[53081,47788],[-285,563],[-183,457],[-170,574],[10,185],[60,178],[66,404],[57,411]],[[52636,50560],[95,34],[404,-7],[-2,668]],[[52636,50560],[-51,83],[95,624]],[[59098,44872],[131,-249],[72,-472],[-48,-148],[-54,-453],[51,-461],[-85,-192],[-85,-514],[144,-147]],[[59224,42236],[-841,-457],[25,-393]],[[56447,40264],[-180,347],[-188,454],[13,1767],[579,-3],[-23,189],[41,207],[-49,261],[31,272],[-31,170]],[[59600,43599],[-77,-423],[77,-721],[95,7],[101,-177],[115,-404],[26,-714],[-121,-117],[-85,-386],[-182,344],[-21,393],[59,257],[-15,223],[-111,139],[-75,-49],[-162,265]],[[61198,44268],[0,0],[46,-250],[-12,-551],[33,-491],[13,-865],[49,-272],[-85,-400],[-106,-386],[-177,-343],[-255,-212],[-311,-268],[-314,-597],[-108,-102],[-193,-393],[-116,-128],[-23,-397],[131,-423],[56,-324],[3,-167],[49,27],[-8,-544],[-46,-257],[67,-94],[-41,-235],[-116,-196],[-229,-189],[-335,-298],[-123,-208],[25,-234],[70,-34],[-23,-295]],[[58908,35146],[-23,246],[-42,249]],[[53382,46783],[-72,416]],[[53259,40389],[-26,347],[39,487],[95,510],[15,238],[90,503],[65,226],[159,363],[90,249],[29,412],[-13,313],[-85,201],[-72,336],[-70,332],[16,117],[85,219],[-85,537],[-57,374],[-139,351],[29,106]],[[58061,48423],[170,-46],[85,318],[146,-38]],[[59922,68169],[-49,-173]],[[59873,67996],[-101,75],[-56,-366],[69,-65],[-72,-75],[-13,-147],[132,75]],[[59832,67493],[7,-215],[-139,-888]],[[59700,66390],[-28,144]],[[59672,66534],[-154,808],[0,0]],[[59518,67342],[0,0],[79,185],[-18,30],[75,261],[54,419],[41,140],[8,8]],[[59757,68385],[93,-4],[25,98],[75,8]],[[59950,68487],[5,-227],[-38,-87],[5,-4]],[[59757,68385],[98,449],[139,393],[5,19]],[[59999,69246],[126,-27],[44,-219],[-152,-207],[-67,-306]],[[63761,43070],[75,-234],[67,-366],[46,-669],[72,-260],[-28,-269],[-49,-162],[-95,325],[-52,-163],[54,-411],[-25,-238],[-78,-129],[-18,-468],[-108,-650],[-136,-763],[-172,-1053],[-106,-771],[-126,-646],[-227,-132],[-241,-234],[-160,143],[-221,197],[-78,294],[-18,491],[-97,442],[-26,401],[51,400],[127,98],[2,185],[131,420],[26,355],[-64,264],[-54,348],[-21,513],[95,310],[39,351],[139,23],[154,113],[103,102],[121,8],[160,313],[229,344],[82,279],[-38,238],[118,-68],[154,386],[5,336],[91,249],[97,-242]],[[59873,67996],[0,-340],[-41,-163]],[[45322,57306],[34,246]],[[52633,66836],[-118,997],[-172,227],[-3,132],[-226,332],[-24,420],[170,309],[67,457],[-44,529],[55,287]],[[52338,70526],[303,223],[196,-68],[-10,-279],[236,204],[21,-106],[-139,-272],[-3,-257],[96,-140],[-36,-479],[-183,-280],[54,-302],[141,-11],[72,-265],[106,-87]],[[53192,68407],[-18,-427],[-134,-158],[-85,-178],[-193,-215],[31,-230],[-23,-235],[-137,-128]],[[47592,65363],[-3,661],[451,408],[275,87],[229,147],[106,280],[324,219],[13,411],[159,49],[126,204],[363,95],[52,215],[-72,117],[-98,589],[-15,337],[-106,355]],[[49396,69537],[268,306],[301,94],[175,230],[267,170],[471,99],[458,45],[142,-83],[260,219],[298,4],[114,-129],[188,34]],[[52633,66836],[91,-491],[15,-257],[-49,-453],[21,-253],[-36,-306],[23,-348],[-111,-230],[165,-408],[10,-238],[101,-310],[128,102],[219,-257],[123,-347]],[[59922,68169],[309,-219],[545,593]],[[60776,68543],[111,-676]],[[60887,67867],[-52,-83],[-558,-279],[278,-556],[-93,-94],[-46,-185],[-211,-80],[-67,-200],[-119,-170],[-308,87]],[[59711,66307],[-11,83]],[[64328,63471],[48,26],[11,-155],[216,91],[232,-15],[167,-19],[190,378],[206,355],[178,343]],[[65576,64475],[51,-189]],[[65627,64286],[39,-438]],[[65666,63848],[-142,-4],[-23,-362],[49,-76],[-126,-109],[0,-227],[-83,-230],[-7,-223]],[[65334,62617],[-54,-121],[-837,283],[-105,563],[-10,129]],[[64114,63754],[-18,404],[75,291],[74,60],[85,-177],[5,-325],[-62,-325]],[[64273,63682],[-77,-41],[-82,113]],[[63326,66651],[57,-242],[-23,-128],[87,-420]],[[63447,65861],[-195,-15],[-70,265],[-247,53]],[[62935,66164],[204,536],[187,-49]],[[60776,68543],[615,578],[103,672],[-26,405],[152,139],[144,344]],[[61764,70681],[119,87],[321,-72],[98,-140],[134,95]],[[62436,70651],[180,-665],[183,-166],[20,-325],[-139,-193],[-64,-430],[191,-529],[342,-306],[141,-423],[-46,-400],[90,0],[3,-295],[154,-295]],[[63491,66624],[-165,27]],[[62935,66164],[-517,45],[-782,1118],[-415,389],[-334,151]],[[65666,63848],[123,-381],[155,-200],[206,-76],[164,-98],[124,-321],[74,-185],[101,-68],[0,-125],[-103,-332],[-44,-155],[-116,-178],[-105,-381],[-126,30],[-57,-132],[-44,-283],[34,-371],[-26,-68],[-129,0],[-172,-207],[-28,-268],[-62,-118],[-175,4],[-108,-140],[2,-222],[-136,-155],[-152,53],[-185,-189],[-129,-30]],[[64752,59252],[-90,385],[-219,918]],[[64443,60555],[834,555],[185,1110],[-128,397]],[[65576,64475],[79,189],[34,-49],[-26,-230],[-36,-99]],[[96448,41171],[175,-318],[-93,-75],[-93,245],[11,148]],[[96332,41295],[-41,151],[-6,427],[132,-170],[46,-449],[-75,71],[-56,-30]],[[78495,56770],[-65,672],[178,461],[358,106],[260,-79]],[[79226,57930],[229,-220],[126,386],[247,-208]],[[79828,57888],[64,-370],[-33,-665],[-469,-427],[124,-336],[-294,-41],[-239,-223]],[[78981,55826],[-231,79],[-114,291],[-141,574]],[[78495,56770],[-250,253],[-237,-8],[42,435],[-245,-4],[-23,-608],[-149,-812],[-90,-491],[18,-404],[180,-15],[113,-507],[51,-483],[155,-317],[167,-64],[144,-288]],[[78371,53457],[-90,-230],[-183,-64],[-23,283],[-226,246],[-49,-102]],[[77800,53590],[-108,215],[-49,276],[-147,313],[-134,261],[-46,-325],[-54,310],[31,343],[82,533]],[[77375,55516],[134,574],[154,518],[-110,506],[5,257],[-31,309],[-185,442],[-67,280],[95,102],[103,483],[-113,367],[-178,404],[-134,491],[116,98],[129,600],[195,27],[163,242],[159,128]],[[77810,61344],[119,-174],[18,-332],[185,-27],[-67,-585],[5,-499],[293,333],[85,-98],[163,15],[56,196],[209,-41],[211,-450],[18,-548],[224,-483],[-11,-472],[-92,-249]],[[77810,61344],[59,204],[235,359]],[[78104,61907],[25,-129],[150,-15],[-44,635],[144,83]],[[78379,62481],[162,-438],[126,-506],[342,-4],[109,-487],[-178,-144],[-80,-200],[332,-332],[232,-658],[175,-487],[208,-389],[72,-393],[-51,-555]],[[77375,55516],[-25,415],[84,423],[-95,329],[23,608],[-113,287],[-90,665],[-49,703],[-121,457],[-183,-276],[-316,-397],[-154,49],[-173,129],[95,691],[-56,517],[-219,643],[33,200],[-162,72],[-198,453]],[[75656,61484],[-18,446],[98,-84],[5,397]],[[75741,62243],[136,132],[-28,238],[62,189],[13,574],[216,-125],[123,458],[16,268],[152,468],[-8,317],[360,386],[198,-102],[-23,343],[98,102],[-20,208]],[[77036,65699],[162,42],[92,-325],[121,-132],[8,-427],[-10,-457],[-263,-465],[-33,-661],[293,95],[64,-514],[178,-106],[-82,-461],[206,-207],[121,-106],[203,162],[8,-230]],[[78379,62481],[149,136],[222,-4],[270,64],[236,295],[134,-208],[255,-102],[-44,-321],[132,-223],[280,-147]],[[80013,61971],[-370,-472],[-232,-525],[-62,-385],[214,-586],[260,-729],[252,-340],[167,-449],[129,-1028],[-39,-974],[-231,-366],[-317,-359],[-229,-465],[-345,-517],[-100,358],[77,374],[-206,318]],[[86326,73453],[-106,34],[-118,-188],[-85,-189],[10,-397],[-141,-124],[-52,-99],[-103,-162],[-185,-91],[-121,-151],[-8,-242],[-33,-60],[111,-91],[157,-241]],[[85652,71452],[-39,-136],[-118,-38],[-198,-27],[-109,-249],[-123,19],[-18,-49]],[[85047,70972],[-134,106],[-33,-106],[-83,-45],[-10,105],[-72,49],[-75,91],[77,242],[65,68],[-23,98],[69,302],[-18,91],[-162,60],[-131,148]],[[84517,72181],[226,358],[306,299],[191,393],[131,-174],[242,-19],[-44,291],[430,242],[111,309],[177,-328]],[[85652,71452],[239,-658],[69,-358],[3,-643],[-105,-302],[-253,-109],[-221,-231],[-250,-45],[-30,302],[51,416],[-124,578],[206,94],[-190,476]],[[82409,77714],[-134,-419],[-195,-555],[69,-227],[157,72],[275,-87],[214,204],[221,-178],[253,-389],[-31,-196],[-219,64],[-402,-76],[-195,-158],[-206,-367],[-422,-215],[-278,-294],[-286,113],[-154,49],[-147,-359],[88,-211],[46,-185],[-195,-186],[-199,-298],[-324,-196],[-417,-19],[-448,-193],[-324,-298],[-123,173],[-335,-3],[-412,340],[-275,83],[-368,-80],[-574,125],[-306,-11],[-162,328],[-126,514],[-173,60],[-337,348],[-373,76],[-330,94],[-100,242],[108,649],[-193,446],[-396,212],[-234,294],[-72,385]],[[75741,62243],[-147,884],[-74,-4],[-47,-355],[-151,287],[85,317],[123,34],[129,469],[-160,94],[-257,-7],[-265,75],[-23,389],[-134,27],[-219,238],[-98,-374],[198,-295],[-172,-208],[-62,-204],[170,-147],[-46,-336],[95,-416],[44,-457]],[[74730,62254],[-39,-204],[-190,8],[-343,-117],[18,-419],[-149,-329],[-399,-374],[-311,-653],[-209,-348],[-278,-366],[0,-253],[-139,-140],[-249,-197],[-131,-30],[-83,-423],[59,-721],[13,-461],[-116,-529],[-2,-944],[-144,-27],[-126,-423],[85,-185],[-253,-158],[-95,-378],[-110,-159],[-263,518],[-129,778],[-108,563],[-98,260],[-146,537],[-70,695],[-46,343],[-255,763],[-113,1077],[-82,714],[0,672],[-54,521],[-404,-332],[-196,64],[-363,672],[134,204],[-82,216],[-327,472]],[[68937,63161],[185,370],[612,0],[-56,476],[-155,283],[-33,427],[-180,249],[306,582],[322,-42],[291,582],[172,567],[270,555],[-2,397],[236,321],[-223,275],[-98,374],[-98,487],[136,238],[420,-132],[311,80],[268,468]],[[71621,69718],[298,-650],[-28,-453],[111,-287],[-11,-283],[-198,75],[78,-612],[272,-351],[386,-389]],[[72529,66768],[-175,-253],[-108,-518],[268,-211],[262,-272],[363,-314],[381,-71],[160,-284],[216,-52],[332,-129],[231,11],[34,220],[-36,351],[20,242]],[[74477,65488],[170,117],[23,-439]],[[74670,65166],[6,-113],[252,-211],[175,87],[234,-34],[226,15],[21,340],[-113,177]],[[75471,65427],[224,72],[252,412],[322,355],[231,-136],[198,234],[132,-348],[-96,-234],[302,-83]],[[75656,61484],[-77,291],[-18,279],[-52,268],[-115,325],[-258,23],[26,-231],[-87,-309],[-119,113],[-38,-102],[-80,60],[-108,53]],[[74670,65166],[183,412],[149,140],[201,-128],[147,-12],[121,-151]],[[72529,66768],[116,132],[224,-170],[281,-362],[154,-80],[93,-268],[216,-109],[226,-242],[314,-129],[324,-52]],[[68937,63161],[-204,140],[-82,400],[-214,423],[-512,-106],[-453,-7],[-391,-80]],[[67081,63931],[106,646],[401,287],[-23,257],[-134,87],[-8,491],[-265,246],[-113,336],[-136,291]],[[66909,66572],[466,-284],[278,83],[164,-71],[57,120],[193,-49],[363,235],[7,472],[157,313],[206,0],[31,155],[211,72],[103,-53],[108,159],[-15,332],[118,336],[178,140],[-108,366],[262,-15],[77,200],[-12,212],[138,234],[-30,276],[-67,234],[162,245],[298,114],[319,64],[142,106],[162,60]],[[70877,70628],[206,-257],[80,-426],[458,-227]],[[68841,70636],[85,-68],[201,177],[93,-105],[90,253],[167,-12],[41,83],[31,223],[119,193],[151,-125],[-30,-170],[82,-26],[-26,-469],[111,-181],[98,117],[123,57],[173,245],[190,-37],[288,-4]],[[70828,70787],[49,-159]],[[66909,66572],[252,502],[-23,359],[-211,94],[-21,351],[-90,442],[119,306],[-121,83],[74,405],[113,691]],[[67001,69805],[284,-212],[211,76],[56,249],[221,87],[155,166],[56,446],[235,106],[43,200],[132,-148],[82,-18]],[[69724,72358],[-100,-174],[-304,95],[-26,-321],[302,45],[344,-181],[525,83]],[[70465,71905],[70,-514],[92,57],[168,-129],[-11,-215],[44,-317]],[[72293,73525],[-39,-124],[-438,-299],[-97,-223],[-358,-64],[-106,-355],[-293,76],[-190,-110],[-265,-264],[36,-129],[-78,-128]],[[67001,69805],[-23,468],[-208,19],[-317,491],[-221,60],[-306,284],[-198,53],[-124,-106],[-185,15],[-198,-317],[-242,-106]],[[64979,70666],[-52,393],[39,581],[-216,186],[72,381],[-186,34],[62,468],[263,-136],[244,178],[-203,332],[-80,318],[-224,-140],[-28,-408],[-88,359]],[[62436,70651],[0,0],[-152,442],[54,174],[-87,638],[190,158]],[[62441,72063],[46,-211],[139,-257],[191,-72]],[[62817,71523],[100,15]],[[62917,71538],[327,412],[106,38],[82,-162],[-95,-276],[172,-291],[70,30]],[[63579,71289],[87,-412],[263,-113],[193,-279],[396,-95],[432,144],[29,132]],[[67081,63931],[-522,167],[-301,128],[-314,72],[-119,683],[-134,99],[-213,-99],[-281,-272],[-339,186],[-281,426],[-267,159],[-186,529],[-203,740],[-149,-91],[-178,186],[-103,-220]],[[59999,69246],[-26,427],[67,226]],[[60040,69899],[75,121],[74,125],[16,309],[90,-109],[306,155],[149,-106],[227,4],[322,208],[149,-8],[316,83]],[[62817,71523],[-113,321],[0,84],[-121,0],[-83,151],[-59,-16]],[[62441,72063],[-108,163],[-206,136],[26,272],[-46,192]],[[62107,72826],[386,87]],[[62493,72913],[56,-143],[106,-98],[-57,-140],[149,-189],[-79,-178],[118,-151],[126,-90],[5,-386]],[[55735,88392],[370,-272],[433,-378],[7,-857],[95,-215]],[[56640,86670],[-478,-159],[-270,-385],[43,-340],[-442,-450],[-536,-476],[-203,-782],[198,-392],[265,-306],[-254,-627],[-289,-132],[-105,-933],[-157,-518],[-337,53],[-160,-442],[-319,-26],[-90,525],[-232,630],[-211,786]],[[58828,78945],[-237,-34],[-87,-120],[-16,-280],[-110,53],[-253,-27],[-72,129],[-105,-95],[-103,80],[-219,11],[-311,132],[-281,46],[-213,-15],[-152,-148],[-134,-22]],[[56535,78655],[-5,245],[-85,257],[165,113],[2,223],[-77,212],[-13,245]],[[56522,79950],[270,-4],[301,212],[65,313],[226,178],[-26,249]],[[57358,80898],[170,91],[299,215]],[[60617,76165],[-222,-41],[-185,-181],[-260,-31],[-239,-204],[15,-298]],[[59286,75538],[-36,61],[-432,140],[-21,207],[-257,-68],[-103,-306],[-214,-411]],[[58223,75161],[-126,98],[-131,-91],[-124,102]],[[57842,75270],[70,61],[49,192],[74,174],[-18,102],[57,42],[28,-76],[165,-15],[72,41],[-52,57],[21,83],[-98,140],[-41,230],[-100,91],[20,189],[-126,151],[-113,19],[-206,174],[-185,-53],[-65,-83]],[[57394,76789],[-118,0],[-69,-129],[-206,-56],[-95,-84],[-129,136],[-178,0],[-172,65],[-119,-121]],[[56308,76600],[-20,151],[-155,151]],[[56133,76902],[55,223],[77,143]],[[56265,77268],[61,-30],[-72,249],[253,461],[139,64],[28,155],[-139,488]],[[56265,77268],[-263,216],[-201,-80],[-131,57],[-164,-117],[-139,196],[-114,-75],[-18,34]],[[55235,77499],[-126,272],[-206,34],[-28,173],[-190,61],[-42,-144],[-149,117],[16,152],[-206,49],[-134,177]],[[54170,78390],[-113,355],[23,193],[-70,298],[-100,197],[77,147],[-64,283]],[[53923,79863],[188,163],[435,256],[350,189],[275,-94],[23,-132],[268,-8]],[[56314,80181],[141,-61],[67,-170]],[[54715,76736],[-20,-227],[-157,-4],[54,-120],[-93,-356]],[[54499,76029],[-51,-94],[-245,-15],[-139,-125],[-229,42]],[[53835,75837],[-399,143],[-61,193],[-273,-94],[-34,-106],[-167,79]],[[52901,76052],[-141,15],[-127,102],[42,136],[-11,98]],[[52664,76403],[85,31],[139,-155],[41,147],[245,-26],[198,102],[134,-19],[85,-114],[26,95],[-39,362],[100,72],[98,257]],[[53776,77155],[206,-181],[157,226],[98,42],[216,-170],[129,30],[128,-106]],[[54710,76996],[-23,-68],[28,-192]],[[56308,76600],[-169,-117],[-132,-374],[-167,-378],[-224,-106]],[[55616,75625],[-172,27],[-214,-148],[0,0]],[[55230,75504],[-103,-83],[-231,106],[-206,238],[-90,68]],[[54600,75833],[-54,189],[-47,7]],[[54715,76736],[142,-144],[103,-60],[234,68],[21,113],[110,15],[137,87],[28,-38],[131,72],[65,129],[92,34],[296,-167],[59,57]],[[57842,75270],[-49,253],[29,238],[-8,246],[-162,328],[-88,235],[-85,166],[-85,53]],[[58223,75161],[5,-144],[-134,-117],[-84,53],[-78,-672]],[[57932,74281],[-164,60],[-201,200],[-327,-128],[-139,-144],[-407,31],[-213,86],[-108,-41],[-80,230]],[[56293,74575],[-51,95],[64,94],[-67,68],[-88,-121],[-162,159],[-23,230],[-167,129],[-34,177],[-149,219]],[[55907,80660],[-59,469]],[[55848,81129],[319,170],[466,-38],[273,56],[38,-117],[147,-34],[267,-268]],[[55848,81129],[10,415],[136,351],[263,189],[219,-415],[224,11],[54,427]],[[56754,82107],[236,98],[121,-68],[240,-208],[229,0]],[[56754,82107],[31,328],[-101,-71],[-177,196],[-24,321],[350,155],[350,79],[302,-90],[288,15],[0,0]],[[54170,78390],[-124,-57],[-72,65],[-69,-106],[-201,-106],[-103,-140],[-201,-120],[49,-167],[29,-234],[141,-132],[157,-238]],[[52664,76403],[-298,170],[-57,-121],[-237,4]],[[51717,77480],[16,242],[-54,128]],[[51679,77850],[31,374]],[[51710,78224],[-47,582],[168,0],[69,207],[70,510],[-52,189]],[[51918,79712],[54,117],[232,30],[51,-120],[188,272],[-62,207],[-13,318]],[[52368,80536],[209,-76],[177,87]],[[52754,80547],[6,-215],[280,-133],[-2,-196],[283,106],[157,151],[314,-219],[131,-178]],[[57932,74281],[-144,-231],[-100,-396],[87,-318]],[[57775,73336],[-239,76],[-283,-174]],[[57253,73238],[-3,-279],[-252,-53],[-195,196],[-222,-155],[-206,19]],[[56375,72966],[-20,367],[-139,177]],[[56216,73510],[46,79],[-31,65],[47,177],[108,174],[-137,242],[-25,200],[69,128]],[[57302,69612],[-34,-166],[-401,-45],[2,90],[-337,110],[52,234],[152,-185],[216,30],[206,-41],[-8,-95],[152,68]],[[57253,73238],[136,-147],[-85,-348],[-66,-64]],[[57238,72679],[-170,15],[-144,53],[-338,-143],[193,-314],[-141,-91],[-155,0],[-146,288],[-52,-121],[62,-333],[139,-260],[-105,-125],[154,-253],[139,-162],[2,-314],[-257,147],[82,-283],[-175,-60],[106,-488],[-185,-7],[-229,242],[-103,441],[-49,371],[-108,256],[-142,318],[-20,158]],[[55596,72014],[131,269],[15,181],[90,79],[6,147]],[[55838,72690],[182,50],[106,120],[152,-11],[43,98],[54,19]],[[60040,69899],[-100,253],[105,208],[-170,-45],[-234,128],[-190,-321],[-422,-64],[-224,298],[-299,19],[-64,-230],[-193,-64],[-268,294],[-303,-11],[-165,555],[-203,306],[136,434],[-178,265],[309,532],[427,19],[119,423],[527,-72],[335,359],[324,159],[458,11],[487,-393],[399,-215],[321,87],[240,-49],[329,291]],[[61543,73076],[296,26],[268,-276]],[[57775,73336],[34,-211],[242,-181],[-49,-136],[-330,-31],[-118,-173],[-234,-299],[-85,261],[3,113]],[[55596,72014],[-47,38],[-5,121],[-154,189],[-23,264],[23,378],[38,174],[-49,87],[0,0]],[[55379,73265],[-18,177],[121,272],[18,-102],[75,49]],[[55575,73661],[59,-151],[67,-57],[18,-200]],[[55719,73253],[0,0],[-36,-189],[41,-238],[114,-136]],[[55230,75504],[67,-215],[88,-158],[-106,-208]],[[55279,74923],[-126,121],[-193,-8],[-237,95],[-131,-16],[-59,-113],[-101,129],[-59,-231],[137,-261],[61,-173],[126,-208],[109,-121],[102,-234],[248,-208]],[[55156,73695],[-31,-94]],[[55125,73601],[0,0],[-263,204],[-159,200],[-255,166],[-234,408],[56,42],[-126,234],[-5,185],[-178,91],[-87,-242],[-80,185],[5,192],[11,12]],[[53810,75278],[193,-19],[51,94],[95,-90],[108,-12],[0,155],[96,57],[28,223],[219,147]],[[52901,76052],[-23,-230],[-121,-91],[-206,68],[-62,-223],[-131,-19],[-49,87],[-154,-185],[-134,-26],[-121,117]],[[51576,77514],[31,313],[72,23]],[[50698,78417],[222,109],[0,0]],[[50920,78526],[0,0],[203,-45],[257,117],[178,-246],[152,-128]],[[50920,78526],[144,151],[242,816],[380,234],[232,-15]],[[47489,73265],[100,143],[116,79],[70,-271],[162,0],[49,71],[162,-19],[77,-279],[-129,-151],[-2,-435],[-47,-79],[-10,-264],[-121,-46],[111,-332],[-75,-363],[95,-166],[-38,-151],[-103,-208],[23,-185]],[[47929,70609],[-111,-143],[-146,75],[-144,-60],[41,434],[-26,344],[-123,49],[-67,212],[23,362],[110,204],[21,223],[57,336],[-5,234],[-57,201],[-13,185]],[[47489,73265],[15,396],[-113,242],[391,400],[340,-98],[373,4],[296,-98],[232,30],[448,-19]],[[50829,73597],[16,-325],[-265,-370],[-355,-117],[-26,-185],[-170,-310],[-108,-453],[111,-317],[-162,-246],[-60,-363],[-211,-109],[-195,-427],[-353,-11],[-265,11],[-175,-196],[-105,-208],[-137,45],[-103,189],[-77,317],[-260,87]],[[48279,79927],[44,-400],[-209,-495],[-494,-328],[-391,83],[224,581],[-144,567],[378,434],[209,257]],[[47896,80626],[56,-294],[-56,-299],[172,8],[211,-114]],[[96049,38289],[229,-344],[144,-257],[-106,-132],[-154,151],[-198,249],[-178,295],[-185,389],[-39,189],[121,-8],[155,-189],[123,-189],[88,-154]],[[95032,44177],[77,-193],[-193,4],[-105,344],[165,-136],[56,-19]],[[94911,44668],[-44,-106],[-205,484],[-57,332],[95,0],[98,-445],[113,-265]],[[94680,44513],[-109,-11],[-169,57],[-60,86],[18,220],[183,-87],[93,-117],[44,-148]],[[94342,45544],[67,-177],[11,-110],[-217,235],[-151,200],[-106,185],[41,56],[129,-132],[226,-257]],[[93650,46100],[111,-182],[-57,-34],[-121,129],[-113,226],[13,95],[167,-234]],[[99134,27739],[-105,-298],[-137,-382],[-216,-219],[-46,144],[-116,83],[160,457],[-90,306],[-302,219],[8,204],[201,192],[49,427],[-13,359],[-113,374],[7,98],[-133,231],[-219,491],[-116,392],[103,42],[152,-306],[216,-143],[77,-499],[204,-582],[5,378],[126,-151],[41,-419],[224,-182],[188,-45],[157,212],[141,-65],[-67,-491],[-85,-325],[-211,12],[-74,-170],[25,-238],[-41,-106]],[[97130,25801],[236,291],[168,291],[123,412],[106,140],[41,313],[195,257],[62,-238],[62,-230],[198,226],[80,-234],[0,-234],[-103,-257],[-183,-412],[-141,-223],[103,-268],[-214,-4],[-239,-211],[-72,-363],[-160,-562],[-219,-250],[-136,-158],[-257,11],[-181,185],[-301,38],[-46,204],[149,411],[350,552],[178,102],[201,211]],[[91025,27327],[165,-37],[20,-658],[-95,-192],[-28,-446],[-98,151],[-193,-385],[-57,26],[-172,19],[-170,476],[-38,367],[-160,483],[8,257],[180,-49],[268,-193],[151,76],[219,105]],[[85042,32102],[-296,-284],[-240,-128],[-54,-291],[-103,-227],[-236,-15],[-175,-49],[-245,102],[-201,-60],[-190,-27],[-165,-294],[-79,22],[-139,-154],[-134,-178],[-204,23],[-185,0],[-296,355],[-149,106],[5,317],[139,75],[46,129],[-10,196],[36,389],[-31,329],[-146,563],[-47,313],[11,317],[-109,363],[-7,162],[-124,223],[-36,435],[-157,438],[-38,238],[121,-238],[-93,513],[136,-162],[83,-215],[-3,287],[-139,438],[-26,174],[-64,166],[28,321],[60,136],[36,279],[-29,325],[113,401],[24,-423],[115,381],[227,185],[134,238],[213,204],[126,42],[78,-68],[218,207],[168,61],[43,121],[72,53],[155,-16],[291,163],[152,249],[69,295],[165,283],[13,223],[5,302],[195,472],[116,-479],[119,109],[-98,261],[87,272],[121,-121],[36,423],[152,272],[67,219],[139,94],[5,155],[121,-64],[5,140],[121,79],[134,76],[206,-254],[154,-332],[175,-4],[175,-49],[-59,302],[134,446],[126,147],[-44,140],[121,317],[167,193],[142,-64],[234,106],[-5,283],[-203,181],[149,83],[183,-139],[146,-227],[235,-144],[79,57],[173,-170],[162,159],[105,-49],[65,109],[128,-276],[-74,-298],[-106,-223],[-95,-19],[31,-223],[-82,-279],[-98,-272],[20,-155],[222,-310],[213,-177],[142,-189],[201,-332],[79,3],[145,-143],[43,-174],[265,-185],[183,189],[54,298],[57,246],[33,306],[85,442],[-39,268],[21,162],[-31,318],[36,419],[52,109],[-41,189],[66,295],[52,302],[8,159],[103,207],[77,-272],[20,-347],[70,-68],[10,-231],[103,-283],[21,-313],[-11,-204],[101,-435],[177,208],[93,-234],[134,-219],[-29,-246],[60,-476],[41,-275],[69,-68],[75,-476],[-26,-287],[90,-378],[301,-291],[196,-264],[188,-242],[-39,-132],[160,-351],[108,-601],[111,125],[113,-242],[67,83],[49,-585],[198,-344],[128,-212],[217,-449],[77,-446],[8,-317],[-18,-344],[131,-472],[-16,-491],[-49,-257],[-74,-498],[5,-318],[-54,-396],[-124,-506],[-206,-272],[-100,-431],[-93,-276],[-82,-479],[-108,-276],[-69,-416],[-36,-385],[15,-174],[-160,-192],[-311,-23],[-257,-227],[-126,-215],[-170,-238],[-229,246],[-170,98],[44,291],[-152,-106],[-245,-404],[-239,151],[-157,87],[-160,41],[-270,159],[-177,344],[-52,423],[-64,279],[-137,227],[-267,68],[90,268],[-67,412],[-137,-386],[-247,-101],[147,309],[41,321],[108,272],[-23,408],[-226,-472],[-173,-189],[-105,-442],[-219,227],[10,294],[-175,405],[-146,207],[54,129],[-358,336],[-196,15],[-267,272],[-497,-53],[-360,-200],[-317,-185],[-262,38]],[[72717,54179],[-41,-578],[-116,-159],[-242,-128],[-131,442],[-51,801],[126,899],[193,-306],[128,-393],[134,-578]],[[80409,60109],[-229,174],[-7,476],[136,253],[304,155],[159,-12],[62,-215],[-121,-242],[-64,-321],[-240,-268]],[[84517,72181],[-389,-159],[-203,-261],[-299,-151],[147,257],[-59,215],[221,374],[-147,291],[-241,-196],[-314,-386],[-173,-358],[-270,-27],[-142,-260],[144,-374],[230,-91],[7,-249],[222,-163],[311,397],[247,-219],[178,-15],[46,-291],[-394,-155],[-128,-298],[-271,-280],[-144,-389],[299,-306],[110,-544],[168,-510],[190,-426],[-5,-412],[-175,-155],[67,-295],[165,-173],[-44,-450],[-70,-442],[-157,-49],[-200,-600],[-227,-729],[-257,-665],[-384,-514],[-386,-468],[-311,-61],[-170,-249],[-98,181],[-157,-275],[-388,-280],[-294,-83],[-95,-589],[-152,-30],[-74,400],[67,215],[-374,178],[-131,-91]],[[83827,63550],[-167,-888],[-121,-457],[-144,469],[-34,411],[165,548],[221,419],[126,-166],[-46,-336]],[[53835,75837],[-31,-272],[67,-238]],[[53871,75327],[-221,83],[-226,-200],[15,-276],[-33,-159],[90,-279],[262,-280],[139,-460],[309,-450],[219,4],[67,-121],[-78,-109],[247,-204],[204,-167],[239,-290],[28,-102],[-51,-201],[-155,261],[-241,91],[-116,-359],[201,-208],[-34,-291],[-116,-30],[-149,-476],[-116,-45],[3,170],[56,298],[60,121],[-109,321],[-84,280],[-116,68],[-80,241],[-180,98],[-121,227],[-203,34],[-219,253],[-252,359],[-191,321],[-87,548],[-137,68],[-226,181],[-129,-76],[-159,-256],[-116,-42]],[[54100,71191],[211,49],[-100,-438],[41,-174],[-59,-283],[-211,208],[-142,60],[-388,283],[38,284],[327,-49],[283,60]],[[52420,72721],[139,173],[165,-396],[-39,-733],[-126,34],[-113,-185],[-106,147],[-10,669],[-65,321],[155,-30]],[[52368,80536],[-113,305],[-8,571],[47,147],[80,166],[244,38],[98,151],[221,159],[-8,-287],[-82,-182],[34,-154],[149,-83],[-67,-212],[-82,60],[-201,-400],[74,-268]],[[53436,81174],[88,-280],[-167,-449],[-291,313],[-39,231],[409,185]],[[47896,80626],[234,27],[296,-344],[-147,-382]],[[49141,79667],[0,0],[41,325],[-187,340],[-3,7],[-337,98],[-67,151],[100,250],[-90,151],[-149,-261],[-18,537],[-139,283],[100,574],[217,449],[221,-45],[334,49],[-296,-600],[284,75],[303,-4],[-72,-453],[-249,-498],[285,-34],[23,-61],[247,-653],[191,-91],[170,-631],[79,-219],[338,-106],[-34,-355],[-141,-166],[110,-287],[-249,-291],[-374,8],[-470,-155],[-132,110],[-182,-261],[-258,64],[-195,-211],[-147,109],[407,586],[249,117],[-2,3],[-433,91],[-80,223],[291,170],[-152,298],[52,367],[414,-53]],[[45968,86919],[-62,-359],[314,-378],[-363,-426],[-800,-378],[-239,-102],[-366,79],[-774,178],[272,245],[-604,272],[491,106],[-13,166],[-581,129],[188,362],[419,79],[435,-374],[422,303],[347,-159],[453,295],[461,-38]],[[63496,73227],[144,-295],[142,-393],[129,-26],[87,-147],[-229,-46],[-49,-430],[-49,-197],[-100,-128],[8,-276]],[[62493,72913],[67,91],[208,-159],[149,-34],[36,68],[-136,299],[72,79]],[[61543,73076],[41,238],[-69,377],[-162,204],[-152,65],[-103,170]],[[83565,57057],[-142,423],[237,-19],[98,-200],[-75,-480],[-118,276]],[[84051,55546],[69,155],[31,344],[152,34],[-44,-374],[206,536],[-25,-532],[-101,-182],[-87,-351],[-88,-162],[-170,381],[57,151]],[[85104,54674],[28,-370],[15,-310],[-92,-510],[-103,566],[-129,-279],[87,-412],[-79,-260],[-327,324],[-77,401],[85,264],[-175,265],[-88,-231],[-131,19],[-206,-310],[-46,163],[108,468],[175,159],[152,208],[97,-250],[211,151],[47,246],[195,15],[-15,431],[224,-265],[25,-279],[19,-204]],[[82916,55176],[-368,-529],[136,389],[201,344],[167,385],[145,552],[48,-454],[-182,-305],[-147,-382]],[[83981,60124],[-43,-230],[92,-397],[-72,-465],[-164,-181],[-44,-449],[62,-442],[149,-61],[121,65],[347,-306],[-25,-303],[90,-136],[-29,-256],[-216,275],[-103,291],[-72,-204],[-177,333],[-253,-84],[-136,125],[13,231],[87,139],[-82,129],[-36,-200],[-139,317],[-41,245],[-11,529],[114,-181],[28,869],[90,502],[167,0],[173,-159],[85,144],[25,-140]],[[83899,56343],[-44,265],[168,-174],[177,0],[-5,-231],[-129,-238],[-177,-166],[-10,261],[20,283]],[[84862,56755],[77,-620],[-214,148],[5,-185],[67,-344],[-131,-125],[-10,393],[-85,27],[-44,336],[165,-42],[-5,208],[-170,427],[267,-15],[78,-208]],[[78371,53457],[65,-52],[164,-337],[116,-370],[15,-374],[-28,-253],[26,-192],[21,-329],[97,-155],[111,-491],[-5,-185],[-198,-38],[-263,412],[-329,442],[-31,283],[-162,370],[-39,461],[-100,302],[31,404],[-62,235]],[[80461,51116],[203,-193],[216,106],[54,468],[119,106],[334,121],[199,438],[136,351]],[[81722,52513],[126,-287],[59,189],[134,-19],[15,355],[13,276]],[[82069,53027],[214,385],[139,434],[113,4],[142,-283],[13,-242],[182,-155],[234,-166],[-20,-219],[-188,-26],[51,-272],[-205,-189]],[[81722,52513],[111,208],[236,306]],[[53810,75278],[61,49]],[[57796,83614],[0,0],[-504,-45],[-487,-204],[-453,-117],[-162,302],[-268,181],[62,548],[-134,502],[132,325],[252,347],[635,605],[186,113],[-29,238],[-386,261]],[[54710,76996],[39,125],[123,-11],[96,56],[7,53],[54,27],[18,128],[65,23],[41,98],[82,4]],[[60668,59999],[162,-645],[77,-510],[152,-269],[378,-525],[155,-317],[152,-321],[85,-189],[139,-170]],[[61968,57053],[-85,-136],[-119,49]],[[61764,56966],[-95,182],[-116,325],[-121,177],[-72,193],[-242,223],[-190,7],[-67,117],[-165,-132],[-167,253],[-87,-415],[-322,117]],[[89412,71765],[-258,-559],[5,-574],[-105,-442],[49,-279],[-144,-390],[-356,-260],[-488,-34],[-397,-635],[-185,212],[-13,415],[-481,-121],[-330,-264],[-324,-7],[281,-412],[-186,-944],[-180,-235],[-134,219],[70,499],[-178,162],[-113,382],[263,170],[146,351],[281,287],[203,378],[553,166],[296,-113],[291,986],[185,-265],[407,555],[160,216],[172,680],[-46,627],[118,351],[293,102],[152,-771],[-7,-453]],[[90171,74420],[195,238],[62,-623],[-412,-155],[-244,-551],[-438,381],[-149,-608],[-309,-7],[-38,551],[136,427],[299,30],[79,771],[83,430],[327,-578],[213,-185],[196,-121]],[[86769,68589],[154,332],[157,-64],[116,234],[203,-121],[36,-189],[-157,-336],[-113,178],[-144,-129],[-72,-325],[-183,159],[3,261]],[[64752,59252],[-201,-152],[-54,-245],[-7,-189],[-276,-234],[-445,-261],[-247,-393],[-124,-30],[-82,34],[-162,-230],[-178,-110],[-234,-26],[-69,-34],[-62,-144],[-72,-41],[-44,-144],[-136,15],[-88,-75],[-193,26],[-72,325],[8,302],[-46,166],[-54,412],[-80,227],[56,26],[-28,253],[34,110],[-13,242]],[[61883,59082],[121,177],[-29,234],[75,272],[113,-143],[75,49],[322,15],[51,-57],[268,-56],[108,30],[67,-185],[131,90],[198,586],[260,249],[800,212]],[[63447,65861],[111,-479],[136,-125],[47,-196],[190,-234],[16,-231],[-26,-185],[33,-185],[80,-155],[39,-181],[41,-136]],[[64273,63682],[55,-211]],[[61883,59082],[-36,238],[-85,166],[-21,223],[-144,196],[-147,468],[-79,454],[-191,381],[-123,91],[-186,529],[-31,385],[11,332],[-160,616],[-129,215],[-151,113],[-90,322],[15,124],[-77,287],[-83,125],[-108,415],[-169,446],[-142,382],[-136,-4],[41,306],[13,196],[36,219]],[[36482,6640],[142,0],[414,121],[419,-121],[343,-238],[118,-340],[34,-238],[10,-283],[-430,-174],[-450,-143],[-523,-129],[-581,-109],[-659,34],[-366,185],[49,226],[595,155],[239,185],[173,238],[126,208],[167,197],[180,226],[0,0]],[[31585,5413],[628,-23],[597,-53],[206,230],[146,193],[291,-227],[-82,-283],[-83,-249],[-581,75],[-620,-34],[-348,186],[0,22],[-154,163]],[[29467,10406],[0,0],[190,64],[322,-23],[82,284],[16,208],[-5,445],[156,265],[258,86],[147,-207],[64,-208],[121,-249],[92,-242],[75,-249],[34,-250],[-49,-219],[-78,-207],[-326,-76],[-309,-109],[-366,11],[137,219],[-327,-76],[-309,-75],[-214,162],[-15,227],[304,219]],[[21574,10058],[0,0],[175,99],[352,-76],[404,-45],[304,-76],[306,64],[162,-313],[-218,41],[-337,-18],[-343,18],[-375,-30],[-284,110],[-146,226]],[[15938,9080],[0,0],[59,185],[332,-98],[360,-87],[332,98],[-157,-196],[-262,-144],[-386,46],[-278,196]],[[14643,9186],[0,0],[201,121],[278,-129],[425,-219],[-163,23],[-360,53],[-381,151]],[[4524,6334],[0,0],[168,208],[517,-87],[278,-174],[213,-196],[75,-249],[-533,-76],[-365,197],[-162,192],[-11,34],[-180,151]],[[99999,2939],[0,-2939],[-99999,0],[0,2939],[15,-8],[247,325],[500,-174],[33,19],[294,178],[36,-8],[33,-4],[402,-230],[352,230],[64,34],[816,95],[263,-129],[131,-64],[419,-185],[788,-144],[625,-173],[1074,-133],[800,155],[1179,-109],[669,-174],[736,162],[772,152],[59,264],[-1094,19],[-895,132],[-235,219],[-746,117],[49,253],[103,227],[103,208],[-54,226],[-461,155],[-213,196],[-430,174],[674,-34],[643,87],[402,-185],[494,162],[458,208],[224,185],[-98,231],[-360,151],[-407,162],[-571,34],[-502,76],[-538,53],[-180,207],[-358,174],[-218,196],[-88,631],[137,-53],[249,-173],[458,53],[440,75],[229,-238],[440,53],[371,121],[347,151],[317,185],[419,57],[-12,207],[-98,204],[82,197],[360,98],[163,-185],[424,109],[322,144],[396,8],[376,56],[376,129],[298,120],[337,121],[219,-34],[191,-41],[411,75],[371,-98],[381,11],[365,76],[373,-53],[415,-57],[386,23],[404,-11],[412,-12],[380,23],[284,163],[337,86],[350,-120],[332,98],[298,196],[180,-174],[98,-196],[178,-185],[288,166],[332,-208],[376,-68],[321,-151],[391,34],[356,99],[417,-23],[375,-76],[381,-98],[147,238],[-178,185],[-136,197],[-360,45],[-157,204],[-60,208],[-97,415],[211,-79],[365,-30],[358,30],[327,-87],[283,-163],[118,-196],[376,-30],[360,75],[381,110],[342,64],[283,-132],[371,45],[239,423],[222,-249],[321,-98],[348,56],[229,-219],[365,-22],[337,-64],[332,-121],[216,207],[111,197],[278,-219],[378,56],[283,-120],[191,-186],[371,53],[288,121],[283,140],[337,79],[391,64],[355,76],[273,121],[162,174],[65,238],[-31,230],[-88,215],[-98,219],[-87,219],[-72,197],[-16,215],[29,219],[128,208],[111,227],[44,219],[-57,238],[-31,219],[137,249],[151,162],[181,208],[190,174],[221,162],[111,242],[152,151],[172,144],[268,30],[175,174],[196,109],[229,68],[200,140],[157,174],[219,64],[162,-140],[-103,-185],[-283,-162],[-121,-121],[-206,87],[-229,-53],[-190,-132],[-201,-140],[-136,-166],[-39,-216],[18,-207],[131,-186],[-190,-132],[-263,-41],[-151,-185],[-165,-174],[-173,-242],[-43,-204],[98,-230],[146,-174],[229,-132],[211,-174],[116,-215],[59,-208],[83,-219],[128,-185],[83,-208],[38,-510],[83,-208],[20,-215],[88,-219],[-39,-294],[-152,-227],[-164,-185],[-368,-80],[-127,-192],[-167,-185],[-419,-208],[-371,-87],[-347,-121],[-376,-121],[-224,-226],[-445,-23],[-489,23],[-443,-46],[-468,0],[87,-215],[425,-98],[311,-155],[173,-193],[-309,-177],[-479,57],[-399,-144],[-15,-227],[-10,-219],[326,-185],[60,-207],[352,-204],[590,-87],[499,-155],[399,-174],[504,-174],[692,-87],[680,-151],[473,-166],[518,-185],[270,-260],[136,-208],[337,196],[458,166],[484,174],[577,140],[494,155],[692,7],[680,-75],[561,-129],[180,238],[386,163],[702,11],[548,121],[523,121],[576,75],[615,99],[430,139],[-195,197],[-121,196],[0,208],[-538,-23],[-572,-87],[-543,0],[-77,208],[39,412],[123,121],[399,128],[469,132],[337,163],[337,162],[250,219],[380,98],[376,76],[191,45],[429,19],[407,79],[345,106],[337,132],[304,133],[386,173],[244,185],[263,163],[79,219],[-293,128],[98,231],[185,173],[288,110],[307,128],[283,174],[216,219],[136,261],[201,155],[332,-34],[136,-185],[332,-23],[11,208],[141,219],[299,-57],[72,-208],[332,-30],[358,98],[350,65],[313,-34],[121,-227],[304,185],[283,98],[317,76],[309,75],[283,133],[311,86],[239,118],[168,196],[208,-140],[288,76],[201,-261],[157,-196],[317,109],[123,216],[283,154],[366,-34],[108,-207],[229,207],[298,65],[327,22],[294,-11],[311,-64],[298,-34],[132,-185],[180,-163],[304,98],[326,23],[314,0],[312,11],[278,76],[293,64],[245,155],[259,94],[284,57],[213,151],[152,306],[157,185],[288,-87],[111,-196],[239,-132],[288,45],[196,-196],[206,-140],[283,128],[98,242],[249,98],[289,185],[272,76],[327,109],[219,118],[227,132],[218,117],[260,-64],[252,196],[178,151],[262,-7],[229,128],[55,196],[234,151],[226,110],[278,87],[257,45],[245,-34],[260,-53],[224,-155],[26,-238],[247,-185],[167,-151],[332,-68],[185,-151],[229,-151],[265,-34],[224,110],[239,226],[263,-117],[270,-68],[263,-64],[270,-45],[278,0],[229,-574],[-10,-144],[-34,-249],[-265,-140],[-219,-208],[39,-219],[309,12],[-39,-220],[-141,-203],[-129,-231],[211,-174],[322,-53],[321,95],[152,219],[93,208],[152,173],[175,163],[69,196],[147,272],[175,57],[314,19],[278,68],[283,87],[136,215],[83,208],[190,207],[270,140],[234,110],[155,185],[157,98],[201,87],[277,-53],[250,53],[273,64],[304,-30],[200,151],[142,370],[105,-151],[129,-261],[234,-109],[268,-45],[265,68],[283,-46],[263,-11],[172,57],[234,-34],[214,-121],[249,75],[299,0],[257,80],[289,-80],[185,185],[141,185],[191,155],[347,412],[180,-76],[211,-151],[186,-196],[352,-340],[273,-8],[255,0],[301,65],[298,75],[229,151],[191,166],[309,19],[208,121],[216,-109],[142,-174],[196,-174],[306,23],[190,-144],[332,-139],[348,-57],[288,45],[216,174],[185,174],[253,45],[249,-76],[288,-56],[260,87],[253,0],[244,-53],[255,-57],[249,98],[301,87],[281,23],[317,0],[254,57],[253,41],[74,272],[13,230],[172,-154],[49,-250],[93,-226],[116,-185],[231,-99],[317,31],[365,11],[250,34],[365,0],[260,11],[366,-22],[309,-46],[195,-173],[-54,-208],[180,-163],[299,-128],[311,-144],[358,-98],[376,-87],[283,-87],[316,-11],[178,185],[244,-151],[214,-174],[244,-132],[338,-53],[321,-64],[137,-219],[314,-132],[213,-197],[309,-86],[322,11],[298,-30],[332,7],[332,-41],[312,-76],[288,-132],[288,-110],[196,-162],[-34,-219],[-146,-193],[-124,-253],[-100,-196],[-129,-227],[-365,-87],[-163,-196],[-360,-121],[-123,-215],[-191,-208],[-203,-174],[-113,-230],[-72,-208],[-26,-249],[5,-208],[157,-215],[62,-208],[128,-196],[518,-76],[108,-238],[-499,-87],[-425,-121],[-528,-22],[-234,-318],[-49,-260],[-121,-204],[-146,-208],[370,-185],[142,-230],[239,-204],[337,-185],[386,-178],[420,-174],[635,-173],[142,-272],[800,-121],[54,-42],[209,-162],[767,140],[635,-174],[479,-132]],[[59090,69521],[21,4],[41,132],[198,-7],[255,166],[-188,-234],[18,-106]],[[59435,69476],[-28,19],[-54,-41],[-41,11],[-13,-23],[-5,57],[-21,34],[-54,7],[-75,-49],[-54,30]],[[59435,69476],[11,-45],[-286,-227],[-136,76],[-65,223],[131,18]],[[45271,61899],[13,261],[108,151],[90,287],[-18,189],[95,393],[154,351],[96,91],[72,324],[7,295],[101,344],[185,204],[175,566],[5,8],[139,211],[260,65],[219,377],[139,148],[231,464],[-69,691],[105,480],[39,291],[178,378],[277,253],[206,230],[188,574],[85,340],[206,-4],[167,-234],[265,38],[286,-121],[121,-7]],[[56944,62220],[0,2048],[0,1975],[-82,446],[69,343],[-41,238],[100,269]],[[56990,67539],[368,7],[268,-147],[275,-163],[129,-87],[214,178],[116,159],[244,45],[198,-72],[75,-276],[64,182],[224,-129],[216,-34],[137,140]],[[59672,66534],[28,-144],[-77,-223],[-62,-423],[-74,-287],[-65,-98],[-92,181],[-126,246],[-198,797],[-29,-49],[116,-586],[170,-559],[211,-865],[100,-302],[90,-313],[250,-616],[-54,-98],[8,-363],[324,-498],[49,-114]],[[53192,68407],[324,-189],[119,46],[231,-91],[368,-249],[131,-495],[248,-106],[393,-234],[296,-276],[134,144],[134,257],[-64,426],[87,269],[198,260],[193,76],[376,-113],[95,-250],[103,0],[88,-94],[275,-68],[69,-181]],[[59803,53057],[-162,604],[-129,133],[-48,219],[-139,272],[-173,41],[95,314],[147,15],[44,170]],[[61764,56966],[-97,-245],[-96,-261],[23,-151],[3,-170],[157,-11],[67,41],[62,-98]],[[61883,56071],[-62,-196],[103,-306],[103,-268],[105,-201],[909,-657],[234,4]],[[61968,57053],[64,-170],[-8,-230],[-159,-132],[118,-155]],[[61983,56366],[-100,-295]],[[61983,56366],[93,-102],[54,-231],[123,-230],[139,-4],[263,144],[301,64],[244,174],[139,38],[98,101],[160,19],[0,0]],[[58450,49371],[-168,-174],[-67,57]],[[58565,51950],[114,151],[177,-124],[224,128],[193,0],[173,257]],[[55279,74923],[0,0],[100,0],[-69,-246],[134,-211],[-41,-261],[-65,-26]],[[55338,74179],[-51,-49],[-90,-129],[-41,-306]],[[55719,73253],[36,-3],[10,113],[165,83],[62,23]],[[55992,73469],[95,34],[129,7]],[[55992,73469],[-8,41],[34,68],[31,132],[-42,0],[-51,102],[-46,27],[-36,87],[-55,34],[-38,79],[-49,-30],[-39,-185],[-67,-38]],[[55626,73786],[24,45],[-106,117],[-93,61],[-38,75],[-75,95]],[[55379,73265],[-56,41],[-77,181],[-121,114]],[[55626,73786],[-51,-125]],[[32866,55977],[160,72],[59,-19],[-13,-412],[-231,-64],[-49,53],[79,151],[-5,219]],[[99999,83331],[-139,0],[-139,0],[-139,0],[-139,0],[-139,0],[-139,0],[-139,0],[-139,0],[-139,0],[-139,0],[-139,0],[-139,0],[-139,0],[-139,0],[-139,0],[-136,0],[-139,0],[-139,0],[-139,0],[-139,0],[-139,0],[-139,0],[-139,0],[-139,0],[-139,0],[-139,0],[-139,0],[-139,0],[-139,0],[-139,0],[-138,0],[-139,0],[-139,0],[-139,0],[-139,0],[-139,0],[-139,0],[-139,0],[-139,0],[-139,0],[-139,0],[-139,0],[-139,0],[-139,0],[-139,0],[-139,0],[-139,0],[-136,0],[-139,0],[-139,0],[-139,0],[-139,0],[-139,0],[-139,0],[-139,0],[-139,0],[-139,0],[-139,0],[-139,0],[-139,0],[0,0]],[[91666,83331],[-139,0],[-139,0],[-139,0],[-139,0],[-139,0],[-139,0],[-139,0],[-139,0],[-139,0],[-139,0],[-139,0],[-139,0],[-139,0],[-139,0],[-139,0],[-139,0],[-139,0],[-138,0],[-137,0],[-139,0],[-139,0],[-139,0],[-139,0],[-139,0],[-139,0],[-139,0],[-139,0],[-139,0],[-139,0],[-139,0],[-139,0],[-138,0],[-139,0],[-139,0],[-139,0],[-139,0],[-139,0],[-139,0],[-139,0],[-139,0],[-139,0],[-139,0],[-139,0],[-139,0],[-139,0],[-139,0],[-139,0],[-139,0],[-139,0],[-136,0],[-139,0],[-139,0],[-139,0],[-139,0],[-139,0],[-139,0],[-139,0],[-139,0],[-139,0],[-139,0],[0,0]],[[83333,83331],[-139,0],[-139,0],[-139,0],[-139,0],[-139,0],[-139,0],[-139,0],[-139,0],[-139,0],[-139,0],[-139,0],[-139,0],[-139,0],[-139,0],[-139,0],[-139,0],[-139,0],[-139,0],[-138,0],[-139,0],[-137,0],[-139,0],[-139,0],[-139,0],[-139,0],[-139,0],[-139,0],[-139,0],[-139,0],[-139,0],[-139,0],[-139,0],[-138,0],[-139,0],[-139,0],[-139,0],[-139,0],[-139,0],[-139,0],[-139,0],[-139,0],[-139,0],[-139,0],[-139,0],[-139,0],[-139,0],[-139,0],[-139,0],[-139,0],[-139,0],[-139,0],[-139,0],[-136,0],[-139,0],[-139,0],[-139,0],[-139,0],[-139,0],[-139,0],[-139,0],[-3,0]],[[74997,83331],[-136,0],[-139,0],[-139,0],[-139,0],[-139,0],[-139,0],[-139,0],[-139,0],[-139,0],[-139,0],[-139,0],[-139,0],[-139,0],[-139,0],[-139,0],[-139,0],[-139,0],[-139,0],[-139,0],[-139,0],[-138,0],[-139,0],[-139,0],[-137,0],[-139,0],[-139,0],[-139,0],[-139,0],[-139,0],[-139,0],[-139,0],[-139,0],[-139,0],[-139,0],[-138,0],[-139,0],[-139,0],[-139,0],[-139,0],[-139,0],[-139,0],[-139,0],[-139,0],[-139,0],[-139,0],[-139,0],[-139,0],[-139,0],[-139,0],[-139,0],[-139,0],[-139,0],[-139,0],[-139,0],[-136,0],[-139,0],[-139,0],[-139,0],[-139,0],[-139,0],[-3,0]],[[66664,83331],[-136,0],[-139,0],[-139,0],[-139,0],[-139,0],[-139,0],[-139,0],[-139,0],[-139,0],[-139,0],[-139,0],[-139,0],[-139,0],[-139,0],[-139,0],[-139,0],[-139,0],[-139,0],[-139,0],[-139,0],[-139,0],[-138,0],[-139,0],[-139,0],[-139,0],[-139,0],[-137,0],[-139,0],[-139,0],[-139,0],[-139,0],[-139,0],[-139,0],[-139,0],[-139,0],[-138,0],[-139,0],[-139,0],[-139,0],[-139,0],[-139,0],[-139,0],[-139,0],[-139,0],[-139,0],[-139,0],[-139,0],[-139,0],[-139,0],[-139,0],[-139,0],[-139,0],[-139,0],[-139,0],[-139,0],[-139,0],[-139,0],[-136,0],[-139,0],[-139,0],[-3,0]],[[58331,83331],[-136,0],[-139,0],[-139,0],[-139,0],[-139,0],[-139,0],[-139,0],[-139,0],[-139,0],[-139,0],[-139,0],[-139,0],[-139,0],[-139,0],[-139,0],[-139,0],[-139,0],[-139,0],[-139,0],[-139,0],[-139,0],[-139,0],[-138,0],[-139,0],[-139,0],[-139,0],[-139,0],[-139,0],[-137,0],[-139,0],[-139,0],[-139,0],[-139,0],[-139,0],[-139,0],[-139,0],[-138,0],[-139,0],[-139,0],[-139,0],[-139,0],[-139,0],[-139,0],[-139,0],[-139,0],[-139,0],[-139,0],[-139,0],[-139,0],[-139,0],[-139,0],[-139,0],[-139,0],[-139,0],[-139,0],[-139,0],[-139,0],[-139,0],[-139,0],[-139,0],[0,0]],[[49998,83331],[-136,0],[-139,0],[-139,0],[-139,0],[-139,0],[-139,0],[-139,0],[-139,0],[-139,0],[-139,0],[-139,0],[-139,0],[-139,0],[-139,0],[-139,0],[-139,0],[-139,0],[-139,0],[-139,0],[-139,0],[-139,0],[-139,0],[-139,0],[-138,0],[-139,0],[-139,0],[-139,0],[-139,0],[-139,0],[-139,0],[-139,0],[-137,0],[-139,0],[-139,0],[-139,0],[-139,0],[-139,0],[-138,0],[-139,0],[-139,0],[-139,0],[-139,0],[-139,0],[-139,0],[-139,0],[-139,0],[-139,0],[-139,0],[-139,0],[-139,0],[-139,0],[-139,0],[-139,0],[-139,0],[-139,0],[-139,0],[-139,0],[-139,0],[-139,0],[-139,0],[0,0]],[[41665,83331],[-139,0],[-139,0],[-136,0],[-139,0],[-139,0],[-139,0],[-139,0],[-139,0],[-139,0],[-139,0],[-139,0],[-139,0],[-139,0],[-139,0],[-139,0],[-139,0],[-139,0],[-139,0],[-139,0],[-139,0],[-139,0],[-139,0],[-139,0],[-139,0],[-138,0],[-139,0],[-139,0],[-139,0],[-139,0],[-139,0],[-139,0],[-139,0],[-139,0],[-137,0],[-139,0],[-139,0],[-139,0],[-139,0],[-138,0],[-139,0],[-139,0],[-139,0],[-139,0],[-139,0],[-139,0],[-139,0],[-139,0],[-139,0],[-139,0],[-139,0],[-139,0],[-139,0],[-139,0],[-139,0],[-139,0],[-139,0],[-139,0],[-139,0],[-139,0],[-139,0],[0,0]],[[33332,83331],[-139,0],[-139,0],[-139,0],[-139,0],[-139,0],[-136,0],[-139,0],[-139,0],[-139,0],[-139,0],[-139,0],[-139,0],[-139,0],[-139,0],[-139,0],[-139,0],[-139,0],[-139,0],[-139,0],[-139,0],[-139,0],[-139,0],[-139,0],[-139,0],[-139,0],[-138,0],[-139,0],[-139,0],[-139,0],[-139,0],[-139,0],[-139,0],[-139,0],[-139,0],[-139,0],[-139,0],[-137,0],[-139,0],[-139,0],[-138,0],[-139,0],[-139,0],[-139,0],[-139,0],[-139,0],[-139,0],[-139,0],[-139,0],[-139,0],[-139,0],[-139,0],[-139,0],[-139,0],[-139,0],[-139,0],[-139,0],[-139,0],[-139,0],[-139,0],[-139,0],[0,0]],[[24999,83331],[-139,0],[-139,0],[-139,0],[-139,0],[-139,0],[-139,0],[-139,0],[-136,0],[-139,0],[-139,0],[-139,0],[-139,0],[-139,0],[-139,0],[-139,0],[-139,0],[-139,0],[-139,0],[-139,0],[-139,0],[-139,0],[-139,0],[-139,0],[-139,0],[-139,0],[-139,0],[-139,0],[-138,0],[-139,0],[-139,0],[-139,0],[-139,0],[-139,0],[-139,0],[-139,0],[-139,0],[-139,0],[-139,0],[-139,0],[-137,0],[-139,0],[-138,0],[-139,0],[-139,0],[-139,0],[-139,0],[-139,0],[-139,0],[-139,0],[-139,0],[-139,0],[-139,0],[-139,0],[-139,0],[-139,0],[-139,0],[-139,0],[-139,0],[-139,0],[-139,0],[0,0]],[[16666,83331],[-139,0],[-139,0],[-139,0],[-139,0],[-139,0],[-139,0],[-139,0],[-139,0],[-139,0],[-139,0],[-136,0],[-139,0],[-139,0],[-139,0],[-139,0],[-139,0],[-139,0],[-139,0],[-139,0],[-139,0],[-139,0],[-139,0],[-139,0],[-139,0],[-139,0],[-139,0],[-139,0],[-139,0],[-138,0],[-139,0],[-139,0],[-139,0],[-139,0],[-139,0],[-139,0],[-139,0],[-139,0],[-139,0],[-139,0],[-139,0],[-139,0],[-137,0],[-138,0],[-139,0],[-139,0],[-139,0],[-139,0],[-139,0],[-139,0],[-139,0],[-139,0],[-139,0],[-139,0],[-139,0],[-139,0],[-139,0],[-139,0],[-139,0],[-139,0],[-139,0],[0,0]],[[8333,83331],[-139,0],[-139,0],[-139,0],[-139,0],[-139,0],[-139,0],[-139,0],[-139,0],[-139,0],[-139,0],[-139,0],[-139,0],[-139,0],[-136,0],[-139,0],[-139,0],[-139,0],[-139,0],[-139,0],[-139,0],[-139,0],[-139,0],[-139,0],[-139,0],[-139,0],[-139,0],[-139,0],[-139,0],[-139,0],[-138,0],[-139,0],[-139,0],[-139,0],[-139,0],[-139,0],[-139,0],[-139,0],[-139,0],[-139,0],[-139,0],[-139,0],[-139,0],[-139,0],[-139,0],[-136,0],[-139,0],[-139,0],[-139,0],[-139,0],[-139,0],[-139,0],[-139,0],[-139,0],[-139,0],[-139,0],[-139,0],[-139,0],[-139,0],[-139,0],[-139,0]],[[99999,66666],[-139,0],[-139,0],[-139,0],[-139,0],[-139,0],[-139,0],[-139,0],[-139,0],[-139,0],[-139,0],[-139,0],[-139,0],[-139,0],[-139,0],[-139,0],[-139,0],[-136,0],[-139,0],[-139,0],[-139,0],[-139,0],[-139,0],[-139,0],[-139,0],[-139,0],[-139,0],[-139,0],[-139,0],[-139,0],[-139,0],[-138,0],[-139,0],[-139,0],[-139,0],[-139,0],[-139,0],[-139,0],[-139,0],[-139,0],[-139,0],[-139,0],[-139,0],[-139,0],[-139,0],[-139,0],[-139,0],[-139,0],[-136,0],[-139,0],[-139,0],[-139,0],[-139,0],[-139,0],[-139,0],[-139,0],[-139,0],[-139,0],[-139,0],[-139,0],[-139,0],[0,0]],[[91666,66666],[-139,0],[-139,0],[-139,0],[-139,0],[-139,0],[-139,0],[-139,0],[-139,0],[-139,0],[-139,0],[-139,0],[-139,0],[-139,0],[-139,0],[-139,0],[-139,0],[-139,0],[-138,0],[-137,0],[-139,0],[-139,0],[-139,0],[-139,0],[-139,0],[-139,0],[-139,0],[-139,0],[-139,0],[-139,0],[-139,0],[-139,0],[-138,0],[-139,0],[-139,0],[-139,0],[-139,0],[-139,0],[-139,0],[-139,0],[-139,0],[-139,0],[-139,0],[-139,0],[-139,0],[-139,0],[-139,0],[-139,0],[-139,0],[-139,0],[-136,0],[-139,0],[-139,0],[-139,0],[-139,0],[-139,0],[-139,0],[-139,0],[-139,0],[-139,0],[-139,0],[0,0]],[[83333,66666],[-139,0],[-139,0],[-139,0],[-139,0],[-139,0],[-139,0],[-139,0],[-139,0],[-139,0],[-139,0],[-139,0],[-139,0],[-139,0],[-139,0],[-139,0],[-139,0],[-139,0],[-139,0],[-138,0],[-139,0],[-139,0],[-137,0],[-139,0],[-139,0],[-139,0],[-139,0],[-139,0],[-139,0],[-139,0],[-139,0],[-139,0],[-139,0],[-138,0],[-139,0],[-139,0],[-139,0],[-139,0],[-139,0],[-139,0],[-139,0],[-139,0],[-139,0],[-139,0],[-139,0],[-139,0],[-139,0],[-139,0],[-139,0],[-139,0],[-139,0],[-139,0],[-139,0],[-136,0],[-139,0],[-139,0],[-139,0],[-139,0],[-139,0],[-139,0],[-139,0],[-3,0]],[[74997,66666],[-136,0],[-139,0],[-139,0],[-139,0],[-139,0],[-139,0],[-139,0],[-139,0],[-139,0],[-139,0],[-139,0],[-139,0],[-139,0],[-139,0],[-139,0],[-139,0],[-139,0],[-139,0],[-139,0],[-139,0],[-138,0],[-139,0],[-139,0],[-137,0],[-139,0],[-139,0],[-139,0],[-139,0],[-139,0],[-139,0],[-139,0],[-139,0],[-139,0],[-139,0],[-138,0],[-139,0],[-139,0],[-139,0],[-139,0],[-139,0],[-139,0],[-139,0],[-139,0],[-139,0],[-139,0],[-139,0],[-139,0],[-139,0],[-139,0],[-139,0],[-139,0],[-139,0],[-139,0],[-139,0],[-139,0],[-136,0],[-139,0],[-139,0],[-139,0],[-139,0],[-3,0]],[[66664,66666],[-136,0],[-139,0],[-139,0],[-139,0],[-139,0],[-139,0],[-139,0],[-139,0],[-139,0],[-139,0],[-139,0],[-139,0],[-139,0],[-139,0],[-139,0],[-139,0],[-139,0],[-139,0],[-139,0],[-139,0],[-139,0],[-138,0],[-139,0],[-139,0],[-139,0],[-139,0],[-137,0],[-139,0],[-139,0],[-139,0],[-139,0],[-139,0],[-139,0],[-139,0],[-139,0],[-138,0],[-139,0],[-139,0],[-139,0],[-139,0],[-139,0],[-139,0],[-139,0],[-139,0],[-139,0],[-139,0],[-139,0],[-139,0],[-139,0],[-139,0],[-139,0],[-139,0],[-139,0],[-139,0],[-139,0],[-139,0],[-139,0],[-136,0],[-139,0],[-139,0],[-3,0]],[[58331,66666],[-136,0],[-139,0],[-139,0],[-139,0],[-139,0],[-139,0],[-139,0],[-139,0],[-139,0],[-139,0],[-139,0],[-139,0],[-139,0],[-139,0],[-139,0],[-139,0],[-139,0],[-139,0],[-139,0],[-139,0],[-139,0],[-139,0],[-138,0],[-139,0],[-139,0],[-139,0],[-139,0],[-139,0],[-139,0],[-137,0],[-139,0],[-139,0],[-139,0],[-139,0],[-139,0],[-139,0],[-138,0],[-139,0],[-139,0],[-139,0],[-139,0],[-139,0],[-139,0],[-139,0],[-139,0],[-139,0],[-139,0],[-139,0],[-139,0],[-139,0],[-139,0],[-139,0],[-139,0],[-139,0],[-139,0],[-139,0],[-139,0],[-139,0],[-139,0],[-139,0],[0,0]],[[49998,66666],[-136,0],[-139,0],[-139,0],[-139,0],[-139,0],[-139,0],[-139,0],[-139,0],[-139,0],[-139,0],[-139,0],[-139,0],[-139,0],[-139,0],[-139,0],[-139,0],[-139,0],[-139,0],[-139,0],[-139,0],[-139,0],[-139,0],[-139,0],[-138,0],[-139,0],[-139,0],[-139,0],[-139,0],[-139,0],[-139,0],[-139,0],[-137,0],[-139,0],[-139,0],[-139,0],[-139,0],[-139,0],[-138,0],[-139,0],[-139,0],[-139,0],[-139,0],[-139,0],[-139,0],[-139,0],[-139,0],[-139,0],[-139,0],[-139,0],[-139,0],[-139,0],[-139,0],[-139,0],[-139,0],[-139,0],[-139,0],[-139,0],[-139,0],[-139,0],[-139,0],[0,0]],[[41665,66666],[-139,0],[-139,0],[-136,0],[-139,0],[-139,0],[-139,0],[-139,0],[-139,0],[-139,0],[-139,0],[-139,0],[-139,0],[-139,0],[-139,0],[-139,0],[-139,0],[-139,0],[-139,0],[-139,0],[-139,0],[-139,0],[-139,0],[-139,0],[-139,0],[-138,0],[-139,0],[-139,0],[-139,0],[-139,0],[-139,0],[-139,0],[-139,0],[-139,0],[-137,0],[-139,0],[-139,0],[-139,0],[-139,0],[-138,0],[-139,0],[-139,0],[-139,0],[-139,0],[-139,0],[-139,0],[-139,0],[-139,0],[-139,0],[-139,0],[-139,0],[-139,0],[-139,0],[-139,0],[-139,0],[-139,0],[-139,0],[-139,0],[-139,0],[-139,0],[-139,0],[0,0]],[[33332,66666],[-139,0],[-139,0],[-139,0],[-139,0],[-139,0],[-136,0],[-139,0],[-139,0],[-139,0],[-139,0],[-139,0],[-139,0],[-139,0],[-139,0],[-139,0],[-139,0],[-139,0],[-139,0],[-139,0],[-139,0],[-139,0],[-139,0],[-139,0],[-139,0],[-139,0],[-138,0],[-139,0],[-139,0],[-139,0],[-139,0],[-139,0],[-139,0],[-139,0],[-139,0],[-139,0],[-139,0],[-137,0],[-139,0],[-139,0],[-138,0],[-139,0],[-139,0],[-139,0],[-139,0],[-139,0],[-139,0],[-139,0],[-139,0],[-139,0],[-139,0],[-139,0],[-139,0],[-139,0],[-139,0],[-139,0],[-139,0],[-139,0],[-139,0],[-139,0],[-139,0],[0,0]],[[24999,66666],[-139,0],[-139,0],[-139,0],[-139,0],[-139,0],[-139,0],[-139,0],[-136,0],[-139,0],[-139,0],[-139,0],[-139,0],[-139,0],[-139,0],[-139,0],[-139,0],[-139,0],[-139,0],[-139,0],[-139,0],[-139,0],[-139,0],[-139,0],[-139,0],[-139,0],[-139,0],[-139,0],[-138,0],[-139,0],[-139,0],[-139,0],[-139,0],[-139,0],[-139,0],[-139,0],[-139,0],[-139,0],[-139,0],[-139,0],[-137,0],[-139,0],[-138,0],[-139,0],[-139,0],[-139,0],[-139,0],[-139,0],[-139,0],[-139,0],[-139,0],[-139,0],[-139,0],[-139,0],[-139,0],[-139,0],[-139,0],[-139,0],[-139,0],[-139,0],[-139,0],[0,0]],[[16666,66666],[-139,0],[-139,0],[-139,0],[-139,0],[-139,0],[-139,0],[-139,0],[-139,0],[-139,0],[-139,0],[-136,0],[-139,0],[-139,0],[-139,0],[-139,0],[-139,0],[-139,0],[-139,0],[-139,0],[-139,0],[-139,0],[-139,0],[-139,0],[-139,0],[-139,0],[-139,0],[-139,0],[-139,0],[-138,0],[-139,0],[-139,0],[-139,0],[-139,0],[-139,0],[-139,0],[-139,0],[-139,0],[-139,0],[-139,0],[-139,0],[-139,0],[-137,0],[-138,0],[-139,0],[-139,0],[-139,0],[-139,0],[-139,0],[-139,0],[-139,0],[-139,0],[-139,0],[-139,0],[-139,0],[-139,0],[-139,0],[-139,0],[-139,0],[-139,0],[-139,0],[0,0]],[[8333,66666],[-139,0],[-139,0],[-139,0],[-139,0],[-139,0],[-139,0],[-139,0],[-139,0],[-139,0],[-139,0],[-139,0],[-139,0],[-139,0],[-136,0],[-139,0],[-139,0],[-139,0],[-139,0],[-139,0],[-139,0],[-139,0],[-139,0],[-139,0],[-139,0],[-139,0],[-139,0],[-139,0],[-139,0],[-139,0],[-138,0],[-139,0],[-139,0],[-139,0],[-139,0],[-139,0],[-139,0],[-139,0],[-139,0],[-139,0],[-139,0],[-139,0],[-139,0],[-139,0],[-139,0],[-136,0],[-139,0],[-139,0],[-139,0],[-139,0],[-139,0],[-139,0],[-139,0],[-139,0],[-139,0],[-139,0],[-139,0],[-139,0],[-139,0],[-139,0],[-139,0]],[[99999,49998],[-139,0],[-139,0],[-139,0],[-139,0],[-139,0],[-139,0],[-139,0],[-139,0],[-139,0],[-139,0],[-139,0],[-139,0],[-139,0],[-139,0],[-139,0],[-139,0],[-136,0],[-139,0],[-139,0],[-139,0],[-139,0],[-139,0],[-139,0],[-139,0],[-139,0],[-139,0],[-139,0],[-139,0],[-139,0],[-139,0],[-138,0],[-139,0],[-139,0],[-139,0],[-139,0],[-139,0],[-139,0],[-139,0],[-139,0],[-139,0],[-139,0],[-139,0],[-139,0],[-139,0],[-139,0],[-139,0],[-139,0],[-136,0],[-139,0],[-139,0],[-139,0],[-139,0],[-139,0],[-139,0],[-139,0],[-139,0],[-139,0],[-139,0],[-139,0],[-139,0],[0,0]],[[91666,49998],[-139,0],[-139,0],[-139,0],[-139,0],[-139,0],[-139,0],[-139,0],[-139,0],[-139,0],[-139,0],[-139,0],[-139,0],[-139,0],[-139,0],[-139,0],[-139,0],[-139,0],[-138,0],[-137,0],[-139,0],[-139,0],[-139,0],[-139,0],[-139,0],[-139,0],[-139,0],[-139,0],[-139,0],[-139,0],[-139,0],[-139,0],[-138,0],[-139,0],[-139,0],[-139,0],[-139,0],[-139,0],[-139,0],[-139,0],[-139,0],[-139,0],[-139,0],[-139,0],[-139,0],[-139,0],[-139,0],[-139,0],[-139,0],[-139,0],[-136,0],[-139,0],[-139,0],[-139,0],[-139,0],[-139,0],[-139,0],[-139,0],[-139,0],[-139,0],[-139,0],[0,0]],[[83333,49998],[-139,0],[-139,0],[-139,0],[-139,0],[-139,0],[-139,0],[-139,0],[-139,0],[-139,0],[-139,0],[-139,0],[-139,0],[-139,0],[-139,0],[-139,0],[-139,0],[-139,0],[-139,0],[-138,0],[-139,0],[-139,0],[-137,0],[-139,0],[-139,0],[-139,0],[-139,0],[-139,0],[-139,0],[-139,0],[-139,0],[-139,0],[-139,0],[-138,0],[-139,0],[-139,0],[-139,0],[-139,0],[-139,0],[-139,0],[-139,0],[-139,0],[-139,0],[-139,0],[-139,0],[-139,0],[-139,0],[-139,0],[-139,0],[-139,0],[-139,0],[-139,0],[-139,0],[-136,0],[-139,0],[-139,0],[-139,0],[-139,0],[-139,0],[-139,0],[-139,0],[-3,0]],[[74997,49998],[-136,0],[-139,0],[-139,0],[-139,0],[-139,0],[-139,0],[-139,0],[-139,0],[-139,0],[-139,0],[-139,0],[-139,0],[-139,0],[-139,0],[-139,0],[-139,0],[-139,0],[-139,0],[-139,0],[-139,0],[-138,0],[-139,0],[-139,0],[-137,0],[-139,0],[-139,0],[-139,0],[-139,0],[-139,0],[-139,0],[-139,0],[-139,0],[-139,0],[-139,0],[-138,0],[-139,0],[-139,0],[-139,0],[-139,0],[-139,0],[-139,0],[-139,0],[-139,0],[-139,0],[-139,0],[-139,0],[-139,0],[-139,0],[-139,0],[-139,0],[-139,0],[-139,0],[-139,0],[-139,0],[-139,0],[-136,0],[-139,0],[-139,0],[-139,0],[-139,0],[-3,0]],[[66664,49998],[-136,0],[-139,0],[-139,0],[-139,0],[-139,0],[-139,0],[-139,0],[-139,0],[-139,0],[-139,0],[-139,0],[-139,0],[-139,0],[-139,0],[-139,0],[-139,0],[-139,0],[-139,0],[-139,0],[-139,0],[-139,0],[-138,0],[-139,0],[-139,0],[-139,0],[-139,0],[-137,0],[-139,0],[-139,0],[-139,0],[-139,0],[-139,0],[-139,0],[-139,0],[-139,0],[-138,0],[-139,0],[-139,0],[-139,0],[-139,0],[-139,0],[-139,0],[-139,0],[-139,0],[-139,0],[-139,0],[-139,0],[-139,0],[-139,0],[-139,0],[-139,0],[-139,0],[-139,0],[-139,0],[-139,0],[-139,0],[-139,0],[-136,0],[-139,0],[-139,0],[-3,0]],[[58331,49998],[-136,0],[-139,0],[-139,0],[-139,0],[-139,0],[-139,0],[-139,0],[-139,0],[-139,0],[-139,0],[-139,0],[-139,0],[-139,0],[-139,0],[-139,0],[-139,0],[-139,0],[-139,0],[-139,0],[-139,0],[-139,0],[-139,0],[-138,0],[-139,0],[-139,0],[-139,0],[-139,0],[-139,0],[-139,0],[-137,0],[-139,0],[-139,0],[-139,0],[-139,0],[-139,0],[-139,0],[-138,0],[-139,0],[-139,0],[-139,0],[-139,0],[-139,0],[-139,0],[-139,0],[-139,0],[-139,0],[-139,0],[-139,0],[-139,0],[-139,0],[-139,0],[-139,0],[-139,0],[-139,0],[-139,0],[-139,0],[-139,0],[-139,0],[-139,0],[-139,0],[0,0]],[[49998,49998],[-136,0],[-139,0],[-139,0],[-139,0],[-139,0],[-139,0],[-139,0],[-139,0],[-139,0],[-139,0],[-139,0],[-139,0],[-139,0],[-139,0],[-139,0],[-139,0],[-139,0],[-139,0],[-139,0],[-139,0],[-139,0],[-139,0],[-139,0],[-138,0],[-139,0],[-139,0],[-139,0],[-139,0],[-139,0],[-139,0],[-139,0],[-137,0],[-139,0],[-139,0],[-139,0],[-139,0],[-139,0],[-138,0],[-139,0],[-139,0],[-139,0],[-139,0],[-139,0],[-139,0],[-139,0],[-139,0],[-139,0],[-139,0],[-139,0],[-139,0],[-139,0],[-139,0],[-139,0],[-139,0],[-139,0],[-139,0],[-139,0],[-139,0],[-139,0],[-139,0],[0,0]],[[41665,49998],[-139,0],[-139,0],[-136,0],[-139,0],[-139,0],[-139,0],[-139,0],[-139,0],[-139,0],[-139,0],[-139,0],[-139,0],[-139,0],[-139,0],[-139,0],[-139,0],[-139,0],[-139,0],[-139,0],[-139,0],[-139,0],[-139,0],[-139,0],[-139,0],[-138,0],[-139,0],[-139,0],[-139,0],[-139,0],[-139,0],[-139,0],[-139,0],[-139,0],[-137,0],[-139,0],[-139,0],[-139,0],[-139,0],[-138,0],[-139,0],[-139,0],[-139,0],[-139,0],[-139,0],[-139,0],[-139,0],[-139,0],[-139,0],[-139,0],[-139,0],[-139,0],[-139,0],[-139,0],[-139,0],[-139,0],[-139,0],[-139,0],[-139,0],[-139,0],[-139,0],[0,0]],[[33332,49998],[-139,0],[-139,0],[-139,0],[-139,0],[-139,0],[-136,0],[-139,0],[-139,0],[-139,0],[-139,0],[-139,0],[-139,0],[-139,0],[-139,0],[-139,0],[-139,0],[-139,0],[-139,0],[-139,0],[-139,0],[-139,0],[-139,0],[-139,0],[-139,0],[-139,0],[-138,0],[-139,0],[-139,0],[-139,0],[-139,0],[-139,0],[-139,0],[-139,0],[-139,0],[-139,0],[-139,0],[-137,0],[-139,0],[-139,0],[-138,0],[-139,0],[-139,0],[-139,0],[-139,0],[-139,0],[-139,0],[-139,0],[-139,0],[-139,0],[-139,0],[-139,0],[-139,0],[-139,0],[-139,0],[-139,0],[-139,0],[-139,0],[-139,0],[-139,0],[-139,0],[0,0]],[[24999,49998],[-139,0],[-139,0],[-139,0],[-139,0],[-139,0],[-139,0],[-139,0],[-136,0],[-139,0],[-139,0],[-139,0],[-139,0],[-139,0],[-139,0],[-139,0],[-139,0],[-139,0],[-139,0],[-139,0],[-139,0],[-139,0],[-139,0],[-139,0],[-139,0],[-139,0],[-139,0],[-139,0],[-138,0],[-139,0],[-139,0],[-139,0],[-139,0],[-139,0],[-139,0],[-139,0],[-139,0],[-139,0],[-139,0],[-139,0],[-137,0],[-139,0],[-138,0],[-139,0],[-139,0],[-139,0],[-139,0],[-139,0],[-139,0],[-139,0],[-139,0],[-139,0],[-139,0],[-139,0],[-139,0],[-139,0],[-139,0],[-139,0],[-139,0],[-139,0],[-139,0],[0,0]],[[16666,49998],[-139,0],[-139,0],[-139,0],[-139,0],[-139,0],[-139,0],[-139,0],[-139,0],[-139,0],[-139,0],[-136,0],[-139,0],[-139,0],[-139,0],[-139,0],[-139,0],[-139,0],[-139,0],[-139,0],[-139,0],[-139,0],[-139,0],[-139,0],[-139,0],[-139,0],[-139,0],[-139,0],[-139,0],[-138,0],[-139,0],[-139,0],[-139,0],[-139,0],[-139,0],[-139,0],[-139,0],[-139,0],[-139,0],[-139,0],[-139,0],[-139,0],[-137,0],[-138,0],[-139,0],[-139,0],[-139,0],[-139,0],[-139,0],[-139,0],[-139,0],[-139,0],[-139,0],[-139,0],[-139,0],[-139,0],[-139,0],[-139,0],[-139,0],[-139,0],[-139,0],[0,0]],[[8333,49998],[-139,0],[-139,0],[-139,0],[-139,0],[-139,0],[-139,0],[-139,0],[-139,0],[-139,0],[-139,0],[-139,0],[-139,0],[-139,0],[-136,0],[-139,0],[-139,0],[-139,0],[-139,0],[-139,0],[-139,0],[-139,0],[-139,0],[-139,0],[-139,0],[-139,0],[-139,0],[-139,0],[-139,0],[-139,0],[-138,0],[-139,0],[-139,0],[-139,0],[-139,0],[-139,0],[-139,0],[-139,0],[-139,0],[-139,0],[-139,0],[-139,0],[-139,0],[-139,0],[-139,0],[-136,0],[-139,0],[-139,0],[-139,0],[-139,0],[-139,0],[-139,0],[-139,0],[-139,0],[-139,0],[-139,0],[-139,0],[-139,0],[-139,0],[-139,0],[-139,0]],[[99999,33333],[-139,0],[-139,0],[-139,0],[-139,0],[-139,0],[-139,0],[-139,0],[-139,0],[-139,0],[-139,0],[-139,0],[-139,0],[-139,0],[-139,0],[-139,0],[-136,0],[-139,0],[-139,0],[-139,0],[-139,0],[-139,0],[-139,0],[-139,0],[-139,0],[-139,0],[-139,0],[-139,0],[-139,0],[-139,0],[-139,0],[-138,0],[-139,0],[-139,0],[-139,0],[-139,0],[-139,0],[-139,0],[-139,0],[-139,0],[-139,0],[-139,0],[-139,0],[-139,0],[-139,0],[-139,0],[-139,0],[-139,0],[-136,0],[-139,0],[-139,0],[-139,0],[-139,0],[-139,0],[-139,0],[-139,0],[-139,0],[-139,0],[-139,0],[-139,0],[-139,0],[0,0]],[[91666,33333],[-139,0],[-139,0],[-139,0],[-139,0],[-139,0],[-139,0],[-139,0],[-139,0],[-139,0],[-139,0],[-139,0],[-139,0],[-139,0],[-139,0],[-139,0],[-139,0],[-139,0],[-138,0],[-137,0],[-139,0],[-139,0],[-139,0],[-139,0],[-139,0],[-139,0],[-139,0],[-139,0],[-139,0],[-139,0],[-139,0],[-139,0],[-138,0],[-139,0],[-139,0],[-139,0],[-139,0],[-139,0],[-139,0],[-139,0],[-139,0],[-139,0],[-139,0],[-139,0],[-139,0],[-139,0],[-139,0],[-139,0],[-139,0],[-139,0],[-136,0],[-139,0],[-139,0],[-139,0],[-139,0],[-139,0],[-139,0],[-139,0],[-139,0],[-139,0],[-139,0],[0,0]],[[83333,33333],[-139,0],[-139,0],[-139,0],[-139,0],[-139,0],[-139,0],[-139,0],[-139,0],[-139,0],[-139,0],[-139,0],[-139,0],[-139,0],[-139,0],[-139,0],[-139,0],[-139,0],[-139,0],[-138,0],[-139,0],[-137,0],[-139,0],[-139,0],[-139,0],[-139,0],[-139,0],[-139,0],[-139,0],[-139,0],[-139,0],[-139,0],[-139,0],[-138,0],[-139,0],[-139,0],[-139,0],[-139,0],[-139,0],[-139,0],[-139,0],[-139,0],[-139,0],[-139,0],[-139,0],[-139,0],[-139,0],[-139,0],[-139,0],[-139,0],[-139,0],[-139,0],[-139,0],[-136,0],[-139,0],[-139,0],[-139,0],[-139,0],[-139,0],[-139,0],[-139,0],[-3,0]],[[74997,33333],[-136,0],[-139,0],[-139,0],[-139,0],[-139,0],[-139,0],[-139,0],[-139,0],[-139,0],[-139,0],[-139,0],[-139,0],[-139,0],[-139,0],[-139,0],[-139,0],[-139,0],[-139,0],[-139,0],[-139,0],[-138,0],[-139,0],[-139,0],[-137,0],[-139,0],[-139,0],[-139,0],[-139,0],[-139,0],[-139,0],[-139,0],[-139,0],[-139,0],[-139,0],[-138,0],[-139,0],[-139,0],[-139,0],[-139,0],[-139,0],[-139,0],[-139,0],[-139,0],[-139,0],[-139,0],[-139,0],[-139,0],[-139,0],[-139,0],[-139,0],[-139,0],[-139,0],[-139,0],[-139,0],[-136,0],[-139,0],[-139,0],[-139,0],[-139,0],[-139,0],[-3,0]],[[66664,33333],[-136,0],[-139,0],[-139,0],[-139,0],[-139,0],[-139,0],[-139,0],[-139,0],[-139,0],[-139,0],[-139,0],[-139,0],[-139,0],[-139,0],[-139,0],[-139,0],[-139,0],[-139,0],[-139,0],[-139,0],[-139,0],[-138,0],[-139,0],[-139,0],[-139,0],[-139,0],[-137,0],[-139,0],[-139,0],[-139,0],[-139,0],[-139,0],[-139,0],[-139,0],[-139,0],[-138,0],[-139,0],[-139,0],[-139,0],[-139,0],[-139,0],[-139,0],[-139,0],[-139,0],[-139,0],[-139,0],[-139,0],[-139,0],[-139,0],[-139,0],[-139,0],[-139,0],[-139,0],[-139,0],[-139,0],[-139,0],[-139,0],[-136,0],[-139,0],[-139,0],[-3,0]],[[58331,33333],[-136,0],[-139,0],[-139,0],[-139,0],[-139,0],[-139,0],[-139,0],[-139,0],[-139,0],[-139,0],[-139,0],[-139,0],[-139,0],[-139,0],[-139,0],[-139,0],[-139,0],[-139,0],[-139,0],[-139,0],[-139,0],[-139,0],[-138,0],[-139,0],[-139,0],[-139,0],[-139,0],[-139,0],[-137,0],[-139,0],[-139,0],[-139,0],[-139,0],[-139,0],[-139,0],[-139,0],[-138,0],[-139,0],[-139,0],[-139,0],[-139,0],[-139,0],[-139,0],[-139,0],[-139,0],[-139,0],[-139,0],[-139,0],[-139,0],[-139,0],[-139,0],[-139,0],[-139,0],[-139,0],[-139,0],[-139,0],[-139,0],[-139,0],[-139,0],[-139,0],[0,0]],[[49998,33333],[-136,0],[-139,0],[-139,0],[-139,0],[-139,0],[-139,0],[-139,0],[-139,0],[-139,0],[-139,0],[-139,0],[-139,0],[-139,0],[-139,0],[-139,0],[-139,0],[-139,0],[-139,0],[-139,0],[-139,0],[-139,0],[-139,0],[-139,0],[-138,0],[-139,0],[-139,0],[-139,0],[-139,0],[-139,0],[-139,0],[-139,0],[-137,0],[-139,0],[-139,0],[-139,0],[-139,0],[-139,0],[-138,0],[-139,0],[-139,0],[-139,0],[-139,0],[-139,0],[-139,0],[-139,0],[-139,0],[-139,0],[-139,0],[-139,0],[-139,0],[-139,0],[-139,0],[-139,0],[-139,0],[-139,0],[-139,0],[-139,0],[-139,0],[-139,0],[-139,0],[0,0]],[[41665,33333],[-139,0],[-139,0],[-136,0],[-139,0],[-139,0],[-139,0],[-139,0],[-139,0],[-139,0],[-139,0],[-139,0],[-139,0],[-139,0],[-139,0],[-139,0],[-139,0],[-139,0],[-139,0],[-139,0],[-139,0],[-139,0],[-139,0],[-139,0],[-139,0],[-138,0],[-139,0],[-139,0],[-139,0],[-139,0],[-139,0],[-139,0],[-139,0],[-139,0],[-137,0],[-139,0],[-139,0],[-139,0],[-139,0],[-138,0],[-139,0],[-139,0],[-139,0],[-139,0],[-139,0],[-139,0],[-139,0],[-139,0],[-139,0],[-139,0],[-139,0],[-139,0],[-139,0],[-139,0],[-139,0],[-139,0],[-139,0],[-139,0],[-139,0],[-139,0],[-139,0],[0,0]],[[33332,33333],[-139,0],[-139,0],[-139,0],[-139,0],[-139,0],[-136,0],[-139,0],[-139,0],[-139,0],[-139,0],[-139,0],[-139,0],[-139,0],[-139,0],[-139,0],[-139,0],[-139,0],[-139,0],[-139,0],[-139,0],[-139,0],[-139,0],[-139,0],[-139,0],[-139,0],[-138,0],[-139,0],[-139,0],[-139,0],[-139,0],[-139,0],[-139,0],[-139,0],[-139,0],[-139,0],[-139,0],[-137,0],[-139,0],[-139,0],[-138,0],[-139,0],[-139,0],[-139,0],[-139,0],[-139,0],[-139,0],[-139,0],[-139,0],[-139,0],[-139,0],[-139,0],[-139,0],[-139,0],[-139,0],[-139,0],[-139,0],[-139,0],[-139,0],[-139,0],[-139,0],[0,0]],[[24999,33333],[-139,0],[-139,0],[-139,0],[-139,0],[-139,0],[-139,0],[-139,0],[-136,0],[-139,0],[-139,0],[-139,0],[-139,0],[-139,0],[-139,0],[-139,0],[-139,0],[-139,0],[-139,0],[-139,0],[-139,0],[-139,0],[-139,0],[-139,0],[-139,0],[-139,0],[-139,0],[-139,0],[-138,0],[-139,0],[-139,0],[-139,0],[-139,0],[-139,0],[-139,0],[-139,0],[-139,0],[-139,0],[-139,0],[-139,0],[-137,0],[-139,0],[-138,0],[-139,0],[-139,0],[-139,0],[-139,0],[-139,0],[-139,0],[-139,0],[-139,0],[-139,0],[-139,0],[-139,0],[-139,0],[-139,0],[-139,0],[-139,0],[-139,0],[-139,0],[-139,0],[0,0]],[[16666,33333],[-139,0],[-139,0],[-139,0],[-139,0],[-139,0],[-139,0],[-139,0],[-139,0],[-139,0],[-139,0],[-136,0],[-139,0],[-139,0],[-139,0],[-139,0],[-139,0],[-139,0],[-139,0],[-139,0],[-139,0],[-139,0],[-139,0],[-139,0],[-139,0],[-139,0],[-139,0],[-139,0],[-139,0],[-138,0],[-139,0],[-139,0],[-139,0],[-139,0],[-139,0],[-139,0],[-139,0],[-139,0],[-139,0],[-139,0],[-139,0],[-139,0],[-137,0],[-138,0],[-139,0],[-139,0],[-139,0],[-139,0],[-139,0],[-139,0],[-139,0],[-139,0],[-139,0],[-139,0],[-139,0],[-139,0],[-139,0],[-139,0],[-139,0],[-139,0],[-139,0],[0,0]],[[8333,33333],[-139,0],[-139,0],[-139,0],[-139,0],[-139,0],[-139,0],[-139,0],[-139,0],[-139,0],[-139,0],[-139,0],[-139,0],[-139,0],[-136,0],[-139,0],[-139,0],[-139,0],[-139,0],[-139,0],[-139,0],[-139,0],[-139,0],[-139,0],[-139,0],[-139,0],[-139,0],[-139,0],[-139,0],[-139,0],[-138,0],[-139,0],[-139,0],[-139,0],[-139,0],[-139,0],[-139,0],[-139,0],[-139,0],[-139,0],[-139,0],[-139,0],[-139,0],[-139,0],[-139,0],[-136,0],[-139,0],[-139,0],[-139,0],[-139,0],[-139,0],[-139,0],[-139,0],[-139,0],[-139,0],[-139,0],[-139,0],[-139,0],[-139,0],[-139,0],[-139,0]],[[99999,16665],[-139,0],[-139,0],[-139,0],[-139,0],[-139,0],[-139,0],[-139,0],[-139,0],[-139,0],[-139,0],[-139,0],[-139,0],[-139,0],[-139,0],[-139,0],[-136,0],[-139,0],[-139,0],[-139,0],[-139,0],[-139,0],[-139,0],[-139,0],[-139,0],[-139,0],[-139,0],[-139,0],[-139,0],[-139,0],[-139,0],[-138,0],[-139,0],[-139,0],[-139,0],[-139,0],[-139,0],[-139,0],[-139,0],[-139,0],[-139,0],[-139,0],[-139,0],[-139,0],[-139,0],[-139,0],[-139,0],[-136,0],[-139,0],[-139,0],[-139,0],[-139,0],[-139,0],[-139,0],[-139,0],[-139,0],[-139,0],[-139,0],[-139,0],[-139,0],[-139,0],[0,0]],[[91666,16665],[-139,0],[-139,0],[-139,0],[-139,0],[-139,0],[-139,0],[-139,0],[-139,0],[-139,0],[-139,0],[-139,0],[-139,0],[-139,0],[-139,0],[-139,0],[-139,0],[-139,0],[-138,0],[-137,0],[-139,0],[-139,0],[-139,0],[-139,0],[-139,0],[-139,0],[-139,0],[-139,0],[-139,0],[-139,0],[-139,0],[-139,0],[-138,0],[-139,0],[-139,0],[-139,0],[-139,0],[-139,0],[-139,0],[-139,0],[-139,0],[-139,0],[-139,0],[-139,0],[-139,0],[-139,0],[-139,0],[-139,0],[-139,0],[-139,0],[-136,0],[-139,0],[-139,0],[-139,0],[-139,0],[-139,0],[-139,0],[-139,0],[-139,0],[-139,0],[-139,0],[0,0]],[[83333,16665],[-139,0],[-139,0],[-139,0],[-139,0],[-139,0],[-139,0],[-139,0],[-139,0],[-139,0],[-139,0],[-139,0],[-139,0],[-139,0],[-139,0],[-139,0],[-139,0],[-139,0],[-139,0],[-138,0],[-139,0],[-137,0],[-139,0],[-139,0],[-139,0],[-139,0],[-139,0],[-139,0],[-139,0],[-139,0],[-139,0],[-139,0],[-139,0],[-138,0],[-139,0],[-139,0],[-139,0],[-139,0],[-139,0],[-139,0],[-139,0],[-139,0],[-139,0],[-139,0],[-139,0],[-139,0],[-139,0],[-139,0],[-139,0],[-139,0],[-139,0],[-139,0],[-139,0],[-136,0],[-139,0],[-139,0],[-139,0],[-139,0],[-139,0],[-139,0],[-139,0],[-3,0]],[[74997,16665],[-136,0],[-139,0],[-139,0],[-139,0],[-139,0],[-139,0],[-139,0],[-139,0],[-139,0],[-139,0],[-139,0],[-139,0],[-139,0],[-139,0],[-139,0],[-139,0],[-139,0],[-139,0],[-139,0],[-139,0],[-138,0],[-139,0],[-139,0],[-137,0],[-139,0],[-139,0],[-139,0],[-139,0],[-139,0],[-139,0],[-139,0],[-139,0],[-139,0],[-139,0],[-138,0],[-139,0],[-139,0],[-139,0],[-139,0],[-139,0],[-139,0],[-139,0],[-139,0],[-139,0],[-139,0],[-139,0],[-139,0],[-139,0],[-139,0],[-139,0],[-139,0],[-139,0],[-139,0],[-139,0],[-136,0],[-139,0],[-139,0],[-139,0],[-139,0],[-139,0],[-3,0]],[[66664,16665],[-136,0],[-139,0],[-139,0],[-139,0],[-139,0],[-139,0],[-139,0],[-139,0],[-139,0],[-139,0],[-139,0],[-139,0],[-139,0],[-139,0],[-139,0],[-139,0],[-139,0],[-139,0],[-139,0],[-139,0],[-139,0],[-138,0],[-139,0],[-139,0],[-139,0],[-139,0],[-137,0],[-139,0],[-139,0],[-139,0],[-139,0],[-139,0],[-139,0],[-139,0],[-139,0],[-138,0],[-139,0],[-139,0],[-139,0],[-139,0],[-139,0],[-139,0],[-139,0],[-139,0],[-139,0],[-139,0],[-139,0],[-139,0],[-139,0],[-139,0],[-139,0],[-139,0],[-139,0],[-139,0],[-139,0],[-139,0],[-139,0],[-136,0],[-139,0],[-139,0],[-3,0]],[[58331,16665],[-136,0],[-139,0],[-139,0],[-139,0],[-139,0],[-139,0],[-139,0],[-139,0],[-139,0],[-139,0],[-139,0],[-139,0],[-139,0],[-139,0],[-139,0],[-139,0],[-139,0],[-139,0],[-139,0],[-139,0],[-139,0],[-139,0],[-138,0],[-139,0],[-139,0],[-139,0],[-139,0],[-139,0],[-137,0],[-139,0],[-139,0],[-139,0],[-139,0],[-139,0],[-139,0],[-139,0],[-138,0],[-139,0],[-139,0],[-139,0],[-139,0],[-139,0],[-139,0],[-139,0],[-139,0],[-139,0],[-139,0],[-139,0],[-139,0],[-139,0],[-139,0],[-139,0],[-139,0],[-139,0],[-139,0],[-139,0],[-139,0],[-139,0],[-139,0],[-139,0],[0,0]],[[49998,16665],[-136,0],[-139,0],[-139,0],[-139,0],[-139,0],[-139,0],[-139,0],[-139,0],[-139,0],[-139,0],[-139,0],[-139,0],[-139,0],[-139,0],[-139,0],[-139,0],[-139,0],[-139,0],[-139,0],[-139,0],[-139,0],[-139,0],[-139,0],[-138,0],[-139,0],[-139,0],[-139,0],[-139,0],[-139,0],[-139,0],[-139,0],[-137,0],[-139,0],[-139,0],[-139,0],[-139,0],[-139,0],[-138,0],[-139,0],[-139,0],[-139,0],[-139,0],[-139,0],[-139,0],[-139,0],[-139,0],[-139,0],[-139,0],[-139,0],[-139,0],[-139,0],[-139,0],[-139,0],[-139,0],[-139,0],[-139,0],[-139,0],[-139,0],[-139,0],[-139,0],[0,0]],[[41665,16665],[-139,0],[-139,0],[-136,0],[-139,0],[-139,0],[-139,0],[-139,0],[-139,0],[-139,0],[-139,0],[-139,0],[-139,0],[-139,0],[-139,0],[-139,0],[-139,0],[-139,0],[-139,0],[-139,0],[-139,0],[-139,0],[-139,0],[-139,0],[-139,0],[-138,0],[-139,0],[-139,0],[-139,0],[-139,0],[-139,0],[-139,0],[-139,0],[-139,0],[-137,0],[-139,0],[-139,0],[-139,0],[-139,0],[-138,0],[-139,0],[-139,0],[-139,0],[-139,0],[-139,0],[-139,0],[-139,0],[-139,0],[-139,0],[-139,0],[-139,0],[-139,0],[-139,0],[-139,0],[-139,0],[-139,0],[-139,0],[-139,0],[-139,0],[-139,0],[-139,0],[0,0]],[[33332,16665],[-139,0],[-139,0],[-139,0],[-139,0],[-139,0],[-136,0],[-139,0],[-139,0],[-139,0],[-139,0],[-139,0],[-139,0],[-139,0],[-139,0],[-139,0],[-139,0],[-139,0],[-139,0],[-139,0],[-139,0],[-139,0],[-139,0],[-139,0],[-139,0],[-139,0],[-138,0],[-139,0],[-139,0],[-139,0],[-139,0],[-139,0],[-139,0],[-139,0],[-139,0],[-139,0],[-139,0],[-137,0],[-139,0],[-139,0],[-138,0],[-139,0],[-139,0],[-139,0],[-139,0],[-139,0],[-139,0],[-139,0],[-139,0],[-139,0],[-139,0],[-139,0],[-139,0],[-139,0],[-139,0],[-139,0],[-139,0],[-139,0],[-139,0],[-139,0],[-139,0],[0,0]],[[24999,16665],[-139,0],[-139,0],[-139,0],[-139,0],[-139,0],[-139,0],[-139,0],[-136,0],[-139,0],[-139,0],[-139,0],[-139,0],[-139,0],[-139,0],[-139,0],[-139,0],[-139,0],[-139,0],[-139,0],[-139,0],[-139,0],[-139,0],[-139,0],[-139,0],[-139,0],[-139,0],[-139,0],[-138,0],[-139,0],[-139,0],[-139,0],[-139,0],[-139,0],[-139,0],[-139,0],[-139,0],[-139,0],[-139,0],[-139,0],[-137,0],[-139,0],[-138,0],[-139,0],[-139,0],[-139,0],[-139,0],[-139,0],[-139,0],[-139,0],[-139,0],[-139,0],[-139,0],[-139,0],[-139,0],[-139,0],[-139,0],[-139,0],[-139,0],[-139,0],[-139,0],[0,0]],[[16666,16665],[-139,0],[-139,0],[-139,0],[-139,0],[-139,0],[-139,0],[-139,0],[-139,0],[-139,0],[-139,0],[-136,0],[-139,0],[-139,0],[-139,0],[-139,0],[-139,0],[-139,0],[-139,0],[-139,0],[-139,0],[-139,0],[-139,0],[-139,0],[-139,0],[-139,0],[-139,0],[-139,0],[-139,0],[-138,0],[-139,0],[-139,0],[-139,0],[-139,0],[-139,0],[-139,0],[-139,0],[-139,0],[-139,0],[-139,0],[-139,0],[-139,0],[-137,0],[-138,0],[-139,0],[-139,0],[-139,0],[-139,0],[-139,0],[-139,0],[-139,0],[-139,0],[-139,0],[-139,0],[-139,0],[-139,0],[-139,0],[-139,0],[-139,0],[-139,0],[-139,0],[0,0]],[[8333,16665],[-139,0],[-139,0],[-139,0],[-139,0],[-139,0],[-139,0],[-139,0],[-139,0],[-139,0],[-139,0],[-139,0],[-139,0],[-139,0],[-136,0],[-139,0],[-139,0],[-139,0],[-139,0],[-139,0],[-139,0],[-139,0],[-139,0],[-139,0],[-139,0],[-139,0],[-139,0],[-139,0],[-139,0],[-139,0],[-138,0],[-139,0],[-139,0],[-139,0],[-139,0],[-139,0],[-139,0],[-139,0],[-139,0],[-139,0],[-139,0],[-139,0],[-139,0],[-139,0],[-139,0],[-136,0],[-139,0],[-139,0],[-139,0],[-139,0],[-139,0],[-139,0],[-139,0],[-139,0],[-139,0],[-139,0],[-139,0],[-139,0],[-139,0],[-139,0],[-139,0]],[[99999,0],[0,280],[0,275],[0,280],[0,275],[0,280],[0,276],[0,279],[0,276],[0,279],[0,276],[0,280],[0,279],[0,276],[0,279],[0,276],[0,280],[0,275],[0,280],[0,276],[0,279],[0,276],[0,279],[0,276],[0,280],[0,279],[0,276],[0,279],[0,276],[0,280],[0,275],[0,280],[0,276],[0,279],[0,276],[0,279],[0,280],[0,276],[0,279],[0,276],[0,279],[0,276],[0,279],[0,276],[0,280],[0,275],[0,280],[0,276],[0,279],[0,280],[0,275],[0,280],[0,276],[0,279],[0,276],[0,279],[0,276],[0,280],[0,275],[0,280],[0,276]],[[99999,16665],[0,0],[0,279],[0,280],[0,275],[0,280],[0,276],[0,279],[0,276],[0,279],[0,276],[0,280],[0,275],[0,280],[0,279],[0,276],[0,280],[0,275],[0,280],[0,276],[0,279],[0,276],[0,279],[0,276],[0,279],[0,280],[0,276],[0,279],[0,276],[0,279],[0,276],[0,280],[0,275],[0,280],[0,276],[0,279],[0,276],[0,279],[0,280],[0,276],[0,279],[0,276],[0,279],[0,276],[0,280],[0,275],[0,280],[0,276],[0,279],[0,280],[0,275],[0,280],[0,276],[0,279],[0,276],[0,279],[0,276],[0,280],[0,275],[0,280],[0,275],[0,280]],[[99999,33333],[0,0],[0,280],[0,275],[0,280],[0,275],[0,280],[0,276],[0,279],[0,276],[0,279],[0,276],[0,280],[0,279],[0,276],[0,279],[0,276],[0,280],[0,275],[0,280],[0,276],[0,279],[0,276],[0,279],[0,276],[0,280],[0,279],[0,276],[0,279],[0,276],[0,280],[0,275],[0,280],[0,276],[0,279],[0,276],[0,279],[0,280],[0,276],[0,279],[0,276],[0,279],[0,276],[0,279],[0,276],[0,280],[0,275],[0,280],[0,276],[0,279],[0,280],[0,275],[0,280],[0,276],[0,279],[0,276],[0,279],[0,276],[0,280],[0,275],[0,280],[0,276]],[[99999,49998],[0,3],[0,276],[0,280],[0,275],[0,280],[0,276],[0,279],[0,276],[0,279],[0,276],[0,280],[0,275],[0,280],[0,279],[0,276],[0,280],[0,275],[0,280],[0,276],[0,279],[0,276],[0,279],[0,276],[0,279],[0,280],[0,276],[0,279],[0,276],[0,279],[0,276],[0,280],[0,275],[0,280],[0,276],[0,279],[0,276],[0,279],[0,280],[0,276],[0,279],[0,276],[0,279],[0,276],[0,280],[0,275],[0,280],[0,276],[0,279],[0,280],[0,275],[0,280],[0,276],[0,279],[0,276],[0,279],[0,276],[0,280],[0,275],[0,280],[0,275],[0,280]],[[99999,66666],[0,0],[0,280],[0,275],[0,280],[0,275],[0,280],[0,276],[0,279],[0,276],[0,279],[0,276],[0,280],[0,279],[0,276],[0,279],[0,276],[0,280],[0,275],[0,280],[0,276],[0,279],[0,276],[0,279],[0,276],[0,280],[0,279],[0,276],[0,279],[0,276],[0,280],[0,275],[0,280],[0,276],[0,279],[0,276],[0,279],[0,280],[0,276],[0,279],[0,276],[0,279],[0,276],[0,279],[0,276],[0,280],[0,275],[0,280],[0,276],[0,279],[0,280],[0,275],[0,280],[0,276],[0,279],[0,276],[0,279],[0,276],[0,280],[0,275],[0,280],[0,276]],[[99999,83331],[0,3],[0,276],[0,280],[0,275],[0,280],[0,276],[0,279],[0,276],[0,279],[0,276],[0,280],[0,275],[0,280],[0,279],[0,276],[0,280],[0,275],[0,280],[0,276],[0,279],[0,276],[0,279],[0,276],[0,279],[0,276],[0,280],[0,279],[0,276],[0,279],[0,276],[0,280],[0,275],[0,280],[0,276],[0,279],[0,276],[0,279],[0,280],[0,276],[0,279],[0,276],[0,279],[0,276],[0,280],[0,275],[0,280],[0,276],[0,279],[0,276],[0,279],[0,280],[0,276],[0,279],[0,276],[0,279],[0,276],[0,280],[0,275],[0,280],[0,275],[0,280]],[[91666,0],[0,280],[0,275],[0,280],[0,275],[0,280],[0,276],[0,279],[0,276],[0,279],[0,276],[0,280],[0,279],[0,276],[0,279],[0,276],[0,280],[0,275],[0,280],[0,276],[0,279],[0,276],[0,279],[0,276],[0,280],[0,279],[0,276],[0,279],[0,276],[0,280],[0,275],[0,280],[0,276],[0,279],[0,276],[0,279],[0,280],[0,276],[0,279],[0,276],[0,279],[0,276],[0,279],[0,276],[0,280],[0,275],[0,280],[0,276],[0,279],[0,280],[0,275],[0,280],[0,276],[0,279],[0,276],[0,279],[0,276],[0,280],[0,275],[0,280],[0,276]],[[91666,16665],[0,0],[0,279],[0,280],[0,275],[0,280],[0,276],[0,279],[0,276],[0,279],[0,276],[0,280],[0,275],[0,280],[0,279],[0,276],[0,280],[0,275],[0,280],[0,276],[0,279],[0,276],[0,279],[0,276],[0,279],[0,280],[0,276],[0,279],[0,276],[0,279],[0,276],[0,280],[0,275],[0,280],[0,276],[0,279],[0,276],[0,279],[0,280],[0,276],[0,279],[0,276],[0,279],[0,276],[0,280],[0,275],[0,280],[0,276],[0,279],[0,280],[0,275],[0,280],[0,276],[0,279],[0,276],[0,279],[0,276],[0,280],[0,275],[0,280],[0,275],[0,280]],[[91666,33333],[0,0],[0,280],[0,275],[0,280],[0,275],[0,280],[0,276],[0,279],[0,276],[0,279],[0,276],[0,280],[0,279],[0,276],[0,279],[0,276],[0,280],[0,275],[0,280],[0,276],[0,279],[0,276],[0,279],[0,276],[0,280],[0,279],[0,276],[0,279],[0,276],[0,280],[0,275],[0,280],[0,276],[0,279],[0,276],[0,279],[0,280],[0,276],[0,279],[0,276],[0,279],[0,276],[0,279],[0,276],[0,280],[0,275],[0,280],[0,276],[0,279],[0,280],[0,275],[0,280],[0,276],[0,279],[0,276],[0,279],[0,276],[0,280],[0,275],[0,280],[0,276]],[[91666,49998],[0,3],[0,276],[0,280],[0,275],[0,280],[0,276],[0,279],[0,276],[0,279],[0,276],[0,280],[0,275],[0,280],[0,279],[0,276],[0,280],[0,275],[0,280],[0,276],[0,279],[0,276],[0,279],[0,276],[0,279],[0,280],[0,276],[0,279],[0,276],[0,279],[0,276],[0,280],[0,275],[0,280],[0,276],[0,279],[0,276],[0,279],[0,280],[0,276],[0,279],[0,276],[0,279],[0,276],[0,280],[0,275],[0,280],[0,276],[0,279],[0,280],[0,275],[0,280],[0,276],[0,279],[0,276],[0,279],[0,276],[0,280],[0,275],[0,280],[0,275],[0,280]],[[91666,66666],[0,0],[0,280],[0,275],[0,280],[0,275],[0,280],[0,276],[0,279],[0,276],[0,279],[0,276],[0,280],[0,279],[0,276],[0,279],[0,276],[0,280],[0,275],[0,280],[0,276],[0,279],[0,276],[0,279],[0,276],[0,280],[0,279],[0,276],[0,279],[0,276],[0,280],[0,275],[0,280],[0,276],[0,279],[0,276],[0,279],[0,280],[0,276],[0,279],[0,276],[0,279],[0,276],[0,279],[0,276],[0,280],[0,275],[0,280],[0,276],[0,279],[0,280],[0,275],[0,280],[0,276],[0,279],[0,276],[0,279],[0,276],[0,280],[0,275],[0,280],[0,276]],[[91666,83331],[0,3],[0,276],[0,280],[0,275],[0,280],[0,276],[0,279],[0,276],[0,279],[0,276],[0,280],[0,275],[0,280],[0,279],[0,276],[0,280],[0,275],[0,280],[0,276],[0,279],[0,276],[0,279],[0,276],[0,279],[0,276],[0,280],[0,279],[0,276],[0,279],[0,276],[0,280],[0,275],[0,280],[0,276],[0,279],[0,276],[0,279],[0,280],[0,276],[0,279],[0,276],[0,279],[0,276],[0,280],[0,275],[0,280],[0,276],[0,279],[0,276],[0,279],[0,280],[0,276],[0,279],[0,276],[0,279],[0,276],[0,280],[0,275],[0,280],[0,275],[0,280]],[[83333,0],[0,280],[0,275],[0,280],[0,275],[0,280],[0,276],[0,279],[0,276],[0,279],[0,276],[0,280],[0,279],[0,276],[0,279],[0,276],[0,280],[0,275],[0,280],[0,276],[0,279],[0,276],[0,279],[0,276],[0,280],[0,279],[0,276],[0,279],[0,276],[0,280],[0,275],[0,280],[0,276],[0,279],[0,276],[0,279],[0,280],[0,276],[0,279],[0,276],[0,279],[0,276],[0,279],[0,276],[0,280],[0,275],[0,280],[0,276],[0,279],[0,280],[0,275],[0,280],[0,276],[0,279],[0,276],[0,279],[0,276],[0,280],[0,275],[0,280],[0,276]],[[83333,16665],[0,0],[0,279],[0,280],[0,275],[0,280],[0,276],[0,279],[0,276],[0,279],[0,276],[0,280],[0,275],[0,280],[0,279],[0,276],[0,280],[0,275],[0,280],[0,276],[0,279],[0,276],[0,279],[0,276],[0,279],[0,280],[0,276],[0,279],[0,276],[0,279],[0,276],[0,280],[0,275],[0,280],[0,276],[0,279],[0,276],[0,279],[0,280],[0,276],[0,279],[0,276],[0,279],[0,276],[0,280],[0,275],[0,280],[0,276],[0,279],[0,280],[0,275],[0,280],[0,276],[0,279],[0,276],[0,279],[0,276],[0,280],[0,275],[0,280],[0,275],[0,280]],[[83333,33333],[0,0],[0,280],[0,275],[0,280],[0,275],[0,280],[0,276],[0,279],[0,276],[0,279],[0,276],[0,280],[0,279],[0,276],[0,279],[0,276],[0,280],[0,275],[0,280],[0,276],[0,279],[0,276],[0,279],[0,276],[0,280],[0,279],[0,276],[0,279],[0,276],[0,280],[0,275],[0,280],[0,276],[0,279],[0,276],[0,279],[0,280],[0,276],[0,279],[0,276],[0,279],[0,276],[0,279],[0,276],[0,280],[0,275],[0,280],[0,276],[0,279],[0,280],[0,275],[0,280],[0,276],[0,279],[0,276],[0,279],[0,276],[0,280],[0,275],[0,280],[0,276]],[[83333,49998],[0,3],[0,276],[0,280],[0,275],[0,280],[0,276],[0,279],[0,276],[0,279],[0,276],[0,280],[0,275],[0,280],[0,279],[0,276],[0,280],[0,275],[0,280],[0,276],[0,279],[0,276],[0,279],[0,276],[0,279],[0,280],[0,276],[0,279],[0,276],[0,279],[0,276],[0,280],[0,275],[0,280],[0,276],[0,279],[0,276],[0,279],[0,280],[0,276],[0,279],[0,276],[0,279],[0,276],[0,280],[0,275],[0,280],[0,276],[0,279],[0,280],[0,275],[0,280],[0,276],[0,279],[0,276],[0,279],[0,276],[0,280],[0,275],[0,280],[0,275],[0,280]],[[83333,66666],[0,0],[0,280],[0,275],[0,280],[0,275],[0,280],[0,276],[0,279],[0,276],[0,279],[0,276],[0,280],[0,279],[0,276],[0,279],[0,276],[0,280],[0,275],[0,280],[0,276],[0,279],[0,276],[0,279],[0,276],[0,280],[0,279],[0,276],[0,279],[0,276],[0,280],[0,275],[0,280],[0,276],[0,279],[0,276],[0,279],[0,280],[0,276],[0,279],[0,276],[0,279],[0,276],[0,279],[0,276],[0,280],[0,275],[0,280],[0,276],[0,279],[0,280],[0,275],[0,280],[0,276],[0,279],[0,276],[0,279],[0,276],[0,280],[0,275],[0,280],[0,276]],[[83333,83331],[0,3],[0,276],[0,280],[0,275],[0,280],[0,276],[0,279],[0,276],[0,279],[0,276],[0,280],[0,275],[0,280],[0,279],[0,276],[0,280],[0,275],[0,280],[0,276],[0,279],[0,276],[0,279],[0,276],[0,279],[0,276],[0,280],[0,279],[0,276],[0,279],[0,276],[0,280],[0,275],[0,280],[0,276],[0,279],[0,276],[0,279],[0,280],[0,276],[0,279],[0,276],[0,279],[0,276],[0,280],[0,275],[0,280],[0,276],[0,279],[0,276],[0,279],[0,280],[0,276],[0,279],[0,276],[0,279],[0,276],[0,280],[0,275],[0,280],[0,275],[0,280]],[[74997,0],[0,280],[0,275],[0,280],[0,275],[0,280],[0,276],[0,279],[0,276],[0,279],[0,276],[0,280],[0,279],[0,276],[0,279],[0,276],[0,280],[0,275],[0,280],[0,276],[0,279],[0,276],[0,279],[0,276],[0,280],[0,279],[0,276],[0,279],[0,276],[0,280],[0,275],[0,280],[0,276],[0,279],[0,276],[0,279],[0,280],[0,276],[0,279],[0,276],[0,279],[0,276],[0,279],[0,276],[0,280],[0,275],[0,280],[0,276],[0,279],[0,280],[0,275],[0,280],[0,276],[0,279],[0,276],[0,279],[0,276],[0,280],[0,275],[0,280],[0,276]],[[74997,16665],[0,0],[0,279],[0,280],[0,275],[0,280],[0,276],[0,279],[0,276],[0,279],[0,276],[0,280],[0,275],[0,280],[0,279],[0,276],[0,280],[0,275],[0,280],[0,276],[0,279],[0,276],[0,279],[0,276],[0,279],[0,280],[0,276],[0,279],[0,276],[0,279],[0,276],[0,280],[0,275],[0,280],[0,276],[0,279],[0,276],[0,279],[0,280],[0,276],[0,279],[0,276],[0,279],[0,276],[0,280],[0,275],[0,280],[0,276],[0,279],[0,280],[0,275],[0,280],[0,276],[0,279],[0,276],[0,279],[0,276],[0,280],[0,275],[0,280],[0,275],[0,280]],[[74997,33333],[0,0],[0,280],[0,275],[0,280],[0,275],[0,280],[0,276],[0,279],[0,276],[0,279],[0,276],[0,280],[0,279],[0,276],[0,279],[0,276],[0,280],[0,275],[0,280],[0,276],[0,279],[0,276],[0,279],[0,276],[0,280],[0,279],[0,276],[0,279],[0,276],[0,280],[0,275],[0,280],[0,276],[0,279],[0,276],[0,279],[0,280],[0,276],[0,279],[0,276],[0,279],[0,276],[0,279],[0,276],[0,280],[0,275],[0,280],[0,276],[0,279],[0,280],[0,275],[0,280],[0,276],[0,279],[0,276],[0,279],[0,276],[0,280],[0,275],[0,280],[0,276]],[[74997,49998],[0,3],[0,276],[0,280],[0,275],[0,280],[0,276],[0,279],[0,276],[0,279],[0,276],[0,280],[0,275],[0,280],[0,279],[0,276],[0,280],[0,275],[0,280],[0,276],[0,279],[0,276],[0,279],[0,276],[0,279],[0,280],[0,276],[0,279],[0,276],[0,279],[0,276],[0,280],[0,275],[0,280],[0,276],[0,279],[0,276],[0,279],[0,280],[0,276],[0,279],[0,276],[0,279],[0,276],[0,280],[0,275],[0,280],[0,276],[0,279],[0,280],[0,275],[0,280],[0,276],[0,279],[0,276],[0,279],[0,276],[0,280],[0,275],[0,280],[0,275],[0,280]],[[74997,66666],[0,0],[0,280],[0,275],[0,280],[0,275],[0,280],[0,276],[0,279],[0,276],[0,279],[0,276],[0,280],[0,279],[0,276],[0,279],[0,276],[0,280],[0,275],[0,280],[0,276],[0,279],[0,276],[0,279],[0,276],[0,280],[0,279],[0,276],[0,279],[0,276],[0,280],[0,275],[0,280],[0,276],[0,279],[0,276],[0,279],[0,280],[0,276],[0,279],[0,276],[0,279],[0,276],[0,279],[0,276],[0,280],[0,275],[0,280],[0,276],[0,279],[0,280],[0,275],[0,280],[0,276],[0,279],[0,276],[0,279],[0,276],[0,280],[0,275],[0,280],[0,276]],[[74997,83331],[0,3],[0,276],[0,280],[0,275],[0,280],[0,276],[0,279],[0,276],[0,279],[0,276],[0,280],[0,275],[0,280],[0,279],[0,276],[0,280],[0,275],[0,280],[0,276],[0,279],[0,276],[0,279],[0,276],[0,279],[0,276],[0,280],[0,279],[0,276],[0,279],[0,276],[0,280],[0,275],[0,280],[0,276],[0,279],[0,276],[0,279],[0,280],[0,276],[0,279],[0,276],[0,279],[0,276],[0,280],[0,275],[0,280],[0,276],[0,279],[0,276],[0,279],[0,280],[0,276],[0,279],[0,276],[0,279],[0,276],[0,280],[0,275],[0,280],[0,275],[0,280]],[[66664,0],[0,280],[0,275],[0,280],[0,275],[0,280],[0,276],[0,279],[0,276],[0,279],[0,276],[0,280],[0,279],[0,276],[0,279],[0,276],[0,280],[0,275],[0,280],[0,276],[0,279],[0,276],[0,279],[0,276],[0,280],[0,279],[0,276],[0,279],[0,276],[0,280],[0,275],[0,280],[0,276],[0,279],[0,276],[0,279],[0,280],[0,276],[0,279],[0,276],[0,279],[0,276],[0,279],[0,276],[0,280],[0,275],[0,280],[0,276],[0,279],[0,280],[0,275],[0,280],[0,276],[0,279],[0,276],[0,279],[0,276],[0,280],[0,275],[0,280],[0,276]],[[66664,16665],[0,0],[0,279],[0,280],[0,275],[0,280],[0,276],[0,279],[0,276],[0,279],[0,276],[0,280],[0,275],[0,280],[0,279],[0,276],[0,280],[0,275],[0,280],[0,276],[0,279],[0,276],[0,279],[0,276],[0,279],[0,280],[0,276],[0,279],[0,276],[0,279],[0,276],[0,280],[0,275],[0,280],[0,276],[0,279],[0,276],[0,279],[0,280],[0,276],[0,279],[0,276],[0,279],[0,276],[0,280],[0,275],[0,280],[0,276],[0,279],[0,280],[0,275],[0,280],[0,276],[0,279],[0,276],[0,279],[0,276],[0,280],[0,275],[0,280],[0,275],[0,280]],[[66664,33333],[0,0],[0,280],[0,275],[0,280],[0,275],[0,280],[0,276],[0,279],[0,276],[0,279],[0,276],[0,280],[0,279],[0,276],[0,279],[0,276],[0,280],[0,275],[0,280],[0,276],[0,279],[0,276],[0,279],[0,276],[0,280],[0,279],[0,276],[0,279],[0,276],[0,280],[0,275],[0,280],[0,276],[0,279],[0,276],[0,279],[0,280],[0,276],[0,279],[0,276],[0,279],[0,276],[0,279],[0,276],[0,280],[0,275],[0,280],[0,276],[0,279],[0,280],[0,275],[0,280],[0,276],[0,279],[0,276],[0,279],[0,276],[0,280],[0,275],[0,280],[0,276]],[[66664,49998],[0,3],[0,276],[0,280],[0,275],[0,280],[0,276],[0,279],[0,276],[0,279],[0,276],[0,280],[0,275],[0,280],[0,279],[0,276],[0,280],[0,275],[0,280],[0,276],[0,279],[0,276],[0,279],[0,276],[0,279],[0,280],[0,276],[0,279],[0,276],[0,279],[0,276],[0,280],[0,275],[0,280],[0,276],[0,279],[0,276],[0,279],[0,280],[0,276],[0,279],[0,276],[0,279],[0,276],[0,280],[0,275],[0,280],[0,276],[0,279],[0,280],[0,275],[0,280],[0,276],[0,279],[0,276],[0,279],[0,276],[0,280],[0,275],[0,280],[0,275],[0,280]],[[66664,66666],[0,0],[0,280],[0,275],[0,280],[0,275],[0,280],[0,276],[0,279],[0,276],[0,279],[0,276],[0,280],[0,279],[0,276],[0,279],[0,276],[0,280],[0,275],[0,280],[0,276],[0,279],[0,276],[0,279],[0,276],[0,280],[0,279],[0,276],[0,279],[0,276],[0,280],[0,275],[0,280],[0,276],[0,279],[0,276],[0,279],[0,280],[0,276],[0,279],[0,276],[0,279],[0,276],[0,279],[0,276],[0,280],[0,275],[0,280],[0,276],[0,279],[0,280],[0,275],[0,280],[0,276],[0,279],[0,276],[0,279],[0,276],[0,280],[0,275],[0,280],[0,276]],[[66664,83331],[0,3],[0,276],[0,280],[0,275],[0,280],[0,276],[0,279],[0,276],[0,279],[0,276],[0,280],[0,275],[0,280],[0,279],[0,276],[0,280],[0,275],[0,280],[0,276],[0,279],[0,276],[0,279],[0,276],[0,279],[0,276],[0,280],[0,279],[0,276],[0,279],[0,276],[0,280],[0,275],[0,280],[0,276],[0,279],[0,276],[0,279],[0,280],[0,276],[0,279],[0,276],[0,279],[0,276],[0,280],[0,275],[0,280],[0,276],[0,279],[0,276],[0,279],[0,280],[0,276],[0,279],[0,276],[0,279],[0,276],[0,280],[0,275],[0,280],[0,275],[0,280]],[[58331,0],[0,280],[0,275],[0,280],[0,275],[0,280],[0,276],[0,279],[0,276],[0,279],[0,276],[0,280],[0,279],[0,276],[0,279],[0,276],[0,280],[0,275],[0,280],[0,276],[0,279],[0,276],[0,279],[0,276],[0,280],[0,279],[0,276],[0,279],[0,276],[0,280],[0,275],[0,280],[0,276],[0,279],[0,276],[0,279],[0,280],[0,276],[0,279],[0,276],[0,279],[0,276],[0,279],[0,276],[0,280],[0,275],[0,280],[0,276],[0,279],[0,280],[0,275],[0,280],[0,276],[0,279],[0,276],[0,279],[0,276],[0,280],[0,275],[0,280],[0,276]],[[58331,16665],[0,0],[0,279],[0,280],[0,275],[0,280],[0,276],[0,279],[0,276],[0,279],[0,276],[0,280],[0,275],[0,280],[0,279],[0,276],[0,280],[0,275],[0,280],[0,276],[0,279],[0,276],[0,279],[0,276],[0,279],[0,280],[0,276],[0,279],[0,276],[0,279],[0,276],[0,280],[0,275],[0,280],[0,276],[0,279],[0,276],[0,279],[0,280],[0,276],[0,279],[0,276],[0,279],[0,276],[0,280],[0,275],[0,280],[0,276],[0,279],[0,280],[0,275],[0,280],[0,276],[0,279],[0,276],[0,279],[0,276],[0,280],[0,275],[0,280],[0,275],[0,280]],[[58331,33333],[0,0],[0,280],[0,275],[0,280],[0,275],[0,280],[0,276],[0,279],[0,276],[0,279],[0,276],[0,280],[0,279],[0,276],[0,279],[0,276],[0,280],[0,275],[0,280],[0,276],[0,279],[0,276],[0,279],[0,276],[0,280],[0,279],[0,276],[0,279],[0,276],[0,280],[0,275],[0,280],[0,276],[0,279],[0,276],[0,279],[0,280],[0,276],[0,279],[0,276],[0,279],[0,276],[0,279],[0,276],[0,280],[0,275],[0,280],[0,276],[0,279],[0,280],[0,275],[0,280],[0,276],[0,279],[0,276],[0,279],[0,276],[0,280],[0,275],[0,280],[0,276]],[[58331,49998],[0,3],[0,276],[0,280],[0,275],[0,280],[0,276],[0,279],[0,276],[0,279],[0,276],[0,280],[0,275],[0,280],[0,279],[0,276],[0,280],[0,275],[0,280],[0,276],[0,279],[0,276],[0,279],[0,276],[0,279],[0,280],[0,276],[0,279],[0,276],[0,279],[0,276],[0,280],[0,275],[0,280],[0,276],[0,279],[0,276],[0,279],[0,280],[0,276],[0,279],[0,276],[0,279],[0,276],[0,280],[0,275],[0,280],[0,276],[0,279],[0,280],[0,275],[0,280],[0,276],[0,279],[0,276],[0,279],[0,276],[0,280],[0,275],[0,280],[0,275],[0,280]],[[58331,66666],[0,0],[0,280],[0,275],[0,280],[0,275],[0,280],[0,276],[0,279],[0,276],[0,279],[0,276],[0,280],[0,279],[0,276],[0,279],[0,276],[0,280],[0,275],[0,280],[0,276],[0,279],[0,276],[0,279],[0,276],[0,280],[0,279],[0,276],[0,279],[0,276],[0,280],[0,275],[0,280],[0,276],[0,279],[0,276],[0,279],[0,280],[0,276],[0,279],[0,276],[0,279],[0,276],[0,279],[0,276],[0,280],[0,275],[0,280],[0,276],[0,279],[0,280],[0,275],[0,280],[0,276],[0,279],[0,276],[0,279],[0,276],[0,280],[0,275],[0,280],[0,276]],[[58331,83331],[0,3],[0,276],[0,280],[0,275],[0,280],[0,276],[0,279],[0,276],[0,279],[0,276],[0,280],[0,275],[0,280],[0,279],[0,276],[0,280],[0,275],[0,280],[0,276],[0,279],[0,276],[0,279],[0,276],[0,279],[0,276],[0,280],[0,279],[0,276],[0,279],[0,276],[0,280],[0,275],[0,280],[0,276],[0,279],[0,276],[0,279],[0,280],[0,276],[0,279],[0,276],[0,279],[0,276],[0,280],[0,275],[0,280],[0,276],[0,279],[0,276],[0,279],[0,280],[0,276],[0,279],[0,276],[0,279],[0,276],[0,280],[0,275],[0,280],[0,275],[0,280]],[[49998,0],[0,280],[0,275],[0,280],[0,275],[0,280],[0,276],[0,279],[0,276],[0,279],[0,276],[0,280],[0,279],[0,276],[0,279],[0,276],[0,280],[0,275],[0,280],[0,276],[0,279],[0,276],[0,279],[0,276],[0,280],[0,279],[0,276],[0,279],[0,276],[0,280],[0,275],[0,280],[0,276],[0,279],[0,276],[0,279],[0,280],[0,276],[0,279],[0,276],[0,279],[0,276],[0,279],[0,276],[0,280],[0,275],[0,280],[0,276],[0,279],[0,280],[0,275],[0,280],[0,276],[0,279],[0,276],[0,279],[0,276],[0,280],[0,275],[0,280],[0,276]],[[49998,16665],[0,0],[0,279],[0,280],[0,275],[0,280],[0,276],[0,279],[0,276],[0,279],[0,276],[0,280],[0,275],[0,280],[0,279],[0,276],[0,280],[0,275],[0,280],[0,276],[0,279],[0,276],[0,279],[0,276],[0,279],[0,280],[0,276],[0,279],[0,276],[0,279],[0,276],[0,280],[0,275],[0,280],[0,276],[0,279],[0,276],[0,279],[0,280],[0,276],[0,279],[0,276],[0,279],[0,276],[0,280],[0,275],[0,280],[0,276],[0,279],[0,280],[0,275],[0,280],[0,276],[0,279],[0,276],[0,279],[0,276],[0,280],[0,275],[0,280],[0,275],[0,280]],[[49998,33333],[0,0],[0,280],[0,275],[0,280],[0,275],[0,280],[0,276],[0,279],[0,276],[0,279],[0,276],[0,280],[0,279],[0,276],[0,279],[0,276],[0,280],[0,275],[0,280],[0,276],[0,279],[0,276],[0,279],[0,276],[0,280],[0,279],[0,276],[0,279],[0,276],[0,280],[0,275],[0,280],[0,276],[0,279],[0,276],[0,279],[0,280],[0,276],[0,279],[0,276],[0,279],[0,276],[0,279],[0,276],[0,280],[0,275],[0,280],[0,276],[0,279],[0,280],[0,275],[0,280],[0,276],[0,279],[0,276],[0,279],[0,276],[0,280],[0,275],[0,280],[0,276]],[[49998,49998],[0,3],[0,276],[0,280],[0,275],[0,280],[0,276],[0,279],[0,276],[0,279],[0,276],[0,280],[0,275],[0,280],[0,279],[0,276],[0,280],[0,275],[0,280],[0,276],[0,279],[0,276],[0,279],[0,276],[0,279],[0,280],[0,276],[0,279],[0,276],[0,279],[0,276],[0,280],[0,275],[0,280],[0,276],[0,279],[0,276],[0,279],[0,280],[0,276],[0,279],[0,276],[0,279],[0,276],[0,280],[0,275],[0,280],[0,276],[0,279],[0,280],[0,275],[0,280],[0,276],[0,279],[0,276],[0,279],[0,276],[0,280],[0,275],[0,280],[0,275],[0,280]],[[49998,66666],[0,0],[0,280],[0,275],[0,280],[0,275],[0,280],[0,276],[0,279],[0,276],[0,279],[0,276],[0,280],[0,279],[0,276],[0,279],[0,276],[0,280],[0,275],[0,280],[0,276],[0,279],[0,276],[0,279],[0,276],[0,280],[0,279],[0,276],[0,279],[0,276],[0,280],[0,275],[0,280],[0,276],[0,279],[0,276],[0,279],[0,280],[0,276],[0,279],[0,276],[0,279],[0,276],[0,279],[0,276],[0,280],[0,275],[0,280],[0,276],[0,279],[0,280],[0,275],[0,280],[0,276],[0,279],[0,276],[0,279],[0,276],[0,280],[0,275],[0,280],[0,276]],[[49998,83331],[0,3],[0,276],[0,280],[0,275],[0,280],[0,276],[0,279],[0,276],[0,279],[0,276],[0,280],[0,275],[0,280],[0,279],[0,276],[0,280],[0,275],[0,280],[0,276],[0,279],[0,276],[0,279],[0,276],[0,279],[0,276],[0,280],[0,279],[0,276],[0,279],[0,276],[0,280],[0,275],[0,280],[0,276],[0,279],[0,276],[0,279],[0,280],[0,276],[0,279],[0,276],[0,279],[0,276],[0,280],[0,275],[0,280],[0,276],[0,279],[0,276],[0,279],[0,280],[0,276],[0,279],[0,276],[0,279],[0,276],[0,280],[0,275],[0,280],[0,275],[0,280]],[[41665,0],[0,280],[0,275],[0,280],[0,275],[0,280],[0,276],[0,279],[0,276],[0,279],[0,276],[0,280],[0,279],[0,276],[0,279],[0,276],[0,280],[0,275],[0,280],[0,276],[0,279],[0,276],[0,279],[0,276],[0,280],[0,279],[0,276],[0,279],[0,276],[0,280],[0,275],[0,280],[0,276],[0,279],[0,276],[0,279],[0,280],[0,276],[0,279],[0,276],[0,279],[0,276],[0,279],[0,276],[0,280],[0,275],[0,280],[0,276],[0,279],[0,280],[0,275],[0,280],[0,276],[0,279],[0,276],[0,279],[0,276],[0,280],[0,275],[0,280],[0,276]],[[41665,16665],[0,0],[0,279],[0,280],[0,275],[0,280],[0,276],[0,279],[0,276],[0,279],[0,276],[0,280],[0,275],[0,280],[0,279],[0,276],[0,280],[0,275],[0,280],[0,276],[0,279],[0,276],[0,279],[0,276],[0,279],[0,280],[0,276],[0,279],[0,276],[0,279],[0,276],[0,280],[0,275],[0,280],[0,276],[0,279],[0,276],[0,279],[0,280],[0,276],[0,279],[0,276],[0,279],[0,276],[0,280],[0,275],[0,280],[0,276],[0,279],[0,280],[0,275],[0,280],[0,276],[0,279],[0,276],[0,279],[0,276],[0,280],[0,275],[0,280],[0,275],[0,280]],[[41665,33333],[0,0],[0,280],[0,275],[0,280],[0,275],[0,280],[0,276],[0,279],[0,276],[0,279],[0,276],[0,280],[0,279],[0,276],[0,279],[0,276],[0,280],[0,275],[0,280],[0,276],[0,279],[0,276],[0,279],[0,276],[0,280],[0,279],[0,276],[0,279],[0,276],[0,280],[0,275],[0,280],[0,276],[0,279],[0,276],[0,279],[0,280],[0,276],[0,279],[0,276],[0,279],[0,276],[0,279],[0,276],[0,280],[0,275],[0,280],[0,276],[0,279],[0,280],[0,275],[0,280],[0,276],[0,279],[0,276],[0,279],[0,276],[0,280],[0,275],[0,280],[0,276]],[[41665,49998],[0,3],[0,276],[0,280],[0,275],[0,280],[0,276],[0,279],[0,276],[0,279],[0,276],[0,280],[0,275],[0,280],[0,279],[0,276],[0,280],[0,275],[0,280],[0,276],[0,279],[0,276],[0,279],[0,276],[0,279],[0,280],[0,276],[0,279],[0,276],[0,279],[0,276],[0,280],[0,275],[0,280],[0,276],[0,279],[0,276],[0,279],[0,280],[0,276],[0,279],[0,276],[0,279],[0,276],[0,280],[0,275],[0,280],[0,276],[0,279],[0,280],[0,275],[0,280],[0,276],[0,279],[0,276],[0,279],[0,276],[0,280],[0,275],[0,280],[0,275],[0,280]],[[41665,66666],[0,0],[0,280],[0,275],[0,280],[0,275],[0,280],[0,276],[0,279],[0,276],[0,279],[0,276],[0,280],[0,279],[0,276],[0,279],[0,276],[0,280],[0,275],[0,280],[0,276],[0,279],[0,276],[0,279],[0,276],[0,280],[0,279],[0,276],[0,279],[0,276],[0,280],[0,275],[0,280],[0,276],[0,279],[0,276],[0,279],[0,280],[0,276],[0,279],[0,276],[0,279],[0,276],[0,279],[0,276],[0,280],[0,275],[0,280],[0,276],[0,279],[0,280],[0,275],[0,280],[0,276],[0,279],[0,276],[0,279],[0,276],[0,280],[0,275],[0,280],[0,276]],[[41665,83331],[0,3],[0,276],[0,280],[0,275],[0,280],[0,276],[0,279],[0,276],[0,279],[0,276],[0,280],[0,275],[0,280],[0,279],[0,276],[0,280],[0,275],[0,280],[0,276],[0,279],[0,276],[0,279],[0,276],[0,279],[0,276],[0,280],[0,279],[0,276],[0,279],[0,276],[0,280],[0,275],[0,280],[0,276],[0,279],[0,276],[0,279],[0,280],[0,276],[0,279],[0,276],[0,279],[0,276],[0,280],[0,275],[0,280],[0,276],[0,279],[0,276],[0,279],[0,280],[0,276],[0,279],[0,276],[0,279],[0,276],[0,280],[0,275],[0,280],[0,275],[0,280]],[[33332,0],[0,280],[0,275],[0,280],[0,275],[0,280],[0,276],[0,279],[0,276],[0,279],[0,276],[0,280],[0,279],[0,276],[0,279],[0,276],[0,280],[0,275],[0,280],[0,276],[0,279],[0,276],[0,279],[0,276],[0,280],[0,279],[0,276],[0,279],[0,276],[0,280],[0,275],[0,280],[0,276],[0,279],[0,276],[0,279],[0,280],[0,276],[0,279],[0,276],[0,279],[0,276],[0,279],[0,276],[0,280],[0,275],[0,280],[0,276],[0,279],[0,280],[0,275],[0,280],[0,276],[0,279],[0,276],[0,279],[0,276],[0,280],[0,275],[0,280],[0,276]],[[33332,16665],[0,0],[0,279],[0,280],[0,275],[0,280],[0,276],[0,279],[0,276],[0,279],[0,276],[0,280],[0,275],[0,280],[0,279],[0,276],[0,280],[0,275],[0,280],[0,276],[0,279],[0,276],[0,279],[0,276],[0,279],[0,280],[0,276],[0,279],[0,276],[0,279],[0,276],[0,280],[0,275],[0,280],[0,276],[0,279],[0,276],[0,279],[0,280],[0,276],[0,279],[0,276],[0,279],[0,276],[0,280],[0,275],[0,280],[0,276],[0,279],[0,280],[0,275],[0,280],[0,276],[0,279],[0,276],[0,279],[0,276],[0,280],[0,275],[0,280],[0,275],[0,280]],[[33332,33333],[0,0],[0,280],[0,275],[0,280],[0,275],[0,280],[0,276],[0,279],[0,276],[0,279],[0,276],[0,280],[0,279],[0,276],[0,279],[0,276],[0,280],[0,275],[0,280],[0,276],[0,279],[0,276],[0,279],[0,276],[0,280],[0,279],[0,276],[0,279],[0,276],[0,280],[0,275],[0,280],[0,276],[0,279],[0,276],[0,279],[0,280],[0,276],[0,279],[0,276],[0,279],[0,276],[0,279],[0,276],[0,280],[0,275],[0,280],[0,276],[0,279],[0,280],[0,275],[0,280],[0,276],[0,279],[0,276],[0,279],[0,276],[0,280],[0,275],[0,280],[0,276]],[[33332,49998],[0,3],[0,276],[0,280],[0,275],[0,280],[0,276],[0,279],[0,276],[0,279],[0,276],[0,280],[0,275],[0,280],[0,279],[0,276],[0,280],[0,275],[0,280],[0,276],[0,279],[0,276],[0,279],[0,276],[0,279],[0,280],[0,276],[0,279],[0,276],[0,279],[0,276],[0,280],[0,275],[0,280],[0,276],[0,279],[0,276],[0,279],[0,280],[0,276],[0,279],[0,276],[0,279],[0,276],[0,280],[0,275],[0,280],[0,276],[0,279],[0,280],[0,275],[0,280],[0,276],[0,279],[0,276],[0,279],[0,276],[0,280],[0,275],[0,280],[0,275],[0,280]],[[33332,66666],[0,0],[0,280],[0,275],[0,280],[0,275],[0,280],[0,276],[0,279],[0,276],[0,279],[0,276],[0,280],[0,279],[0,276],[0,279],[0,276],[0,280],[0,275],[0,280],[0,276],[0,279],[0,276],[0,279],[0,276],[0,280],[0,279],[0,276],[0,279],[0,276],[0,280],[0,275],[0,280],[0,276],[0,279],[0,276],[0,279],[0,280],[0,276],[0,279],[0,276],[0,279],[0,276],[0,279],[0,276],[0,280],[0,275],[0,280],[0,276],[0,279],[0,280],[0,275],[0,280],[0,276],[0,279],[0,276],[0,279],[0,276],[0,280],[0,275],[0,280],[0,276]],[[33332,83331],[0,3],[0,276],[0,280],[0,275],[0,280],[0,276],[0,279],[0,276],[0,279],[0,276],[0,280],[0,275],[0,280],[0,279],[0,276],[0,280],[0,275],[0,280],[0,276],[0,279],[0,276],[0,279],[0,276],[0,279],[0,276],[0,280],[0,279],[0,276],[0,279],[0,276],[0,280],[0,275],[0,280],[0,276],[0,279],[0,276],[0,279],[0,280],[0,276],[0,279],[0,276],[0,279],[0,276],[0,280],[0,275],[0,280],[0,276],[0,279],[0,276],[0,279],[0,280],[0,276],[0,279],[0,276],[0,279],[0,276],[0,280],[0,275],[0,280],[0,275],[0,280]],[[24999,0],[0,280],[0,275],[0,280],[0,275],[0,280],[0,276],[0,279],[0,276],[0,279],[0,276],[0,280],[0,279],[0,276],[0,279],[0,276],[0,280],[0,275],[0,280],[0,276],[0,279],[0,276],[0,279],[0,276],[0,280],[0,279],[0,276],[0,279],[0,276],[0,280],[0,275],[0,280],[0,276],[0,279],[0,276],[0,279],[0,280],[0,276],[0,279],[0,276],[0,279],[0,276],[0,279],[0,276],[0,280],[0,275],[0,280],[0,276],[0,279],[0,280],[0,275],[0,280],[0,276],[0,279],[0,276],[0,279],[0,276],[0,280],[0,275],[0,280],[0,276]],[[24999,16665],[0,0],[0,279],[0,280],[0,275],[0,280],[0,276],[0,279],[0,276],[0,279],[0,276],[0,280],[0,275],[0,280],[0,279],[0,276],[0,280],[0,275],[0,280],[0,276],[0,279],[0,276],[0,279],[0,276],[0,279],[0,280],[0,276],[0,279],[0,276],[0,279],[0,276],[0,280],[0,275],[0,280],[0,276],[0,279],[0,276],[0,279],[0,280],[0,276],[0,279],[0,276],[0,279],[0,276],[0,280],[0,275],[0,280],[0,276],[0,279],[0,280],[0,275],[0,280],[0,276],[0,279],[0,276],[0,279],[0,276],[0,280],[0,275],[0,280],[0,275],[0,280]],[[24999,33333],[0,0],[0,280],[0,275],[0,280],[0,275],[0,280],[0,276],[0,279],[0,276],[0,279],[0,276],[0,280],[0,279],[0,276],[0,279],[0,276],[0,280],[0,275],[0,280],[0,276],[0,279],[0,276],[0,279],[0,276],[0,280],[0,279],[0,276],[0,279],[0,276],[0,280],[0,275],[0,280],[0,276],[0,279],[0,276],[0,279],[0,280],[0,276],[0,279],[0,276],[0,279],[0,276],[0,279],[0,276],[0,280],[0,275],[0,280],[0,276],[0,279],[0,280],[0,275],[0,280],[0,276],[0,279],[0,276],[0,279],[0,276],[0,280],[0,275],[0,280],[0,276]],[[24999,49998],[0,3],[0,276],[0,280],[0,275],[0,280],[0,276],[0,279],[0,276],[0,279],[0,276],[0,280],[0,275],[0,280],[0,279],[0,276],[0,280],[0,275],[0,280],[0,276],[0,279],[0,276],[0,279],[0,276],[0,279],[0,280],[0,276],[0,279],[0,276],[0,279],[0,276],[0,280],[0,275],[0,280],[0,276],[0,279],[0,276],[0,279],[0,280],[0,276],[0,279],[0,276],[0,279],[0,276],[0,280],[0,275],[0,280],[0,276],[0,279],[0,280],[0,275],[0,280],[0,276],[0,279],[0,276],[0,279],[0,276],[0,280],[0,275],[0,280],[0,275],[0,280]],[[24999,66666],[0,0],[0,280],[0,275],[0,280],[0,275],[0,280],[0,276],[0,279],[0,276],[0,279],[0,276],[0,280],[0,279],[0,276],[0,279],[0,276],[0,280],[0,275],[0,280],[0,276],[0,279],[0,276],[0,279],[0,276],[0,280],[0,279],[0,276],[0,279],[0,276],[0,280],[0,275],[0,280],[0,276],[0,279],[0,276],[0,279],[0,280],[0,276],[0,279],[0,276],[0,279],[0,276],[0,279],[0,276],[0,280],[0,275],[0,280],[0,276],[0,279],[0,280],[0,275],[0,280],[0,276],[0,279],[0,276],[0,279],[0,276],[0,280],[0,275],[0,280],[0,276]],[[24999,83331],[0,3],[0,276],[0,280],[0,275],[0,280],[0,276],[0,279],[0,276],[0,279],[0,276],[0,280],[0,275],[0,280],[0,279],[0,276],[0,280],[0,275],[0,280],[0,276],[0,279],[0,276],[0,279],[0,276],[0,279],[0,276],[0,280],[0,279],[0,276],[0,279],[0,276],[0,280],[0,275],[0,280],[0,276],[0,279],[0,276],[0,279],[0,280],[0,276],[0,279],[0,276],[0,279],[0,276],[0,280],[0,275],[0,280],[0,276],[0,279],[0,276],[0,279],[0,280],[0,276],[0,279],[0,276],[0,279],[0,276],[0,280],[0,275],[0,280],[0,275],[0,280]],[[16666,0],[0,280],[0,275],[0,280],[0,275],[0,280],[0,276],[0,279],[0,276],[0,279],[0,276],[0,280],[0,279],[0,276],[0,279],[0,276],[0,280],[0,275],[0,280],[0,276],[0,279],[0,276],[0,279],[0,276],[0,280],[0,279],[0,276],[0,279],[0,276],[0,280],[0,275],[0,280],[0,276],[0,279],[0,276],[0,279],[0,280],[0,276],[0,279],[0,276],[0,279],[0,276],[0,279],[0,276],[0,280],[0,275],[0,280],[0,276],[0,279],[0,280],[0,275],[0,280],[0,276],[0,279],[0,276],[0,279],[0,276],[0,280],[0,275],[0,280],[0,276]],[[16666,16665],[0,0],[0,279],[0,280],[0,275],[0,280],[0,276],[0,279],[0,276],[0,279],[0,276],[0,280],[0,275],[0,280],[0,279],[0,276],[0,280],[0,275],[0,280],[0,276],[0,279],[0,276],[0,279],[0,276],[0,279],[0,280],[0,276],[0,279],[0,276],[0,279],[0,276],[0,280],[0,275],[0,280],[0,276],[0,279],[0,276],[0,279],[0,280],[0,276],[0,279],[0,276],[0,279],[0,276],[0,280],[0,275],[0,280],[0,276],[0,279],[0,280],[0,275],[0,280],[0,276],[0,279],[0,276],[0,279],[0,276],[0,280],[0,275],[0,280],[0,275],[0,280]],[[16666,33333],[0,0],[0,280],[0,275],[0,280],[0,275],[0,280],[0,276],[0,279],[0,276],[0,279],[0,276],[0,280],[0,279],[0,276],[0,279],[0,276],[0,280],[0,275],[0,280],[0,276],[0,279],[0,276],[0,279],[0,276],[0,280],[0,279],[0,276],[0,279],[0,276],[0,280],[0,275],[0,280],[0,276],[0,279],[0,276],[0,279],[0,280],[0,276],[0,279],[0,276],[0,279],[0,276],[0,279],[0,276],[0,280],[0,275],[0,280],[0,276],[0,279],[0,280],[0,275],[0,280],[0,276],[0,279],[0,276],[0,279],[0,276],[0,280],[0,275],[0,280],[0,276]],[[16666,49998],[0,3],[0,276],[0,280],[0,275],[0,280],[0,276],[0,279],[0,276],[0,279],[0,276],[0,280],[0,275],[0,280],[0,279],[0,276],[0,280],[0,275],[0,280],[0,276],[0,279],[0,276],[0,279],[0,276],[0,279],[0,280],[0,276],[0,279],[0,276],[0,279],[0,276],[0,280],[0,275],[0,280],[0,276],[0,279],[0,276],[0,279],[0,280],[0,276],[0,279],[0,276],[0,279],[0,276],[0,280],[0,275],[0,280],[0,276],[0,279],[0,280],[0,275],[0,280],[0,276],[0,279],[0,276],[0,279],[0,276],[0,280],[0,275],[0,280],[0,275],[0,280]],[[16666,66666],[0,0],[0,280],[0,275],[0,280],[0,275],[0,280],[0,276],[0,279],[0,276],[0,279],[0,276],[0,280],[0,279],[0,276],[0,279],[0,276],[0,280],[0,275],[0,280],[0,276],[0,279],[0,276],[0,279],[0,276],[0,280],[0,279],[0,276],[0,279],[0,276],[0,280],[0,275],[0,280],[0,276],[0,279],[0,276],[0,279],[0,280],[0,276],[0,279],[0,276],[0,279],[0,276],[0,279],[0,276],[0,280],[0,275],[0,280],[0,276],[0,279],[0,280],[0,275],[0,280],[0,276],[0,279],[0,276],[0,279],[0,276],[0,280],[0,275],[0,280],[0,276]],[[16666,83331],[0,3],[0,276],[0,280],[0,275],[0,280],[0,276],[0,279],[0,276],[0,279],[0,276],[0,280],[0,275],[0,280],[0,279],[0,276],[0,280],[0,275],[0,280],[0,276],[0,279],[0,276],[0,279],[0,276],[0,279],[0,276],[0,280],[0,279],[0,276],[0,279],[0,276],[0,280],[0,275],[0,280],[0,276],[0,279],[0,276],[0,279],[0,280],[0,276],[0,279],[0,276],[0,279],[0,276],[0,280],[0,275],[0,280],[0,276],[0,279],[0,276],[0,279],[0,280],[0,276],[0,279],[0,276],[0,279],[0,276],[0,280],[0,275],[0,280],[0,275],[0,280]],[[8333,0],[0,280],[0,275],[0,280],[0,275],[0,280],[0,276],[0,279],[0,276],[0,279],[0,276],[0,280],[0,279],[0,276],[0,279],[0,276],[0,280],[0,275],[0,280],[0,276],[0,279],[0,276],[0,279],[0,276],[0,280],[0,279],[0,276],[0,279],[0,276],[0,280],[0,275],[0,280],[0,276],[0,279],[0,276],[0,279],[0,280],[0,276],[0,279],[0,276],[0,279],[0,276],[0,279],[0,276],[0,280],[0,275],[0,280],[0,276],[0,279],[0,280],[0,275],[0,280],[0,276],[0,279],[0,276],[0,279],[0,276],[0,280],[0,275],[0,280],[0,276]],[[8333,16665],[0,0],[0,279],[0,280],[0,275],[0,280],[0,276],[0,279],[0,276],[0,279],[0,276],[0,280],[0,275],[0,280],[0,279],[0,276],[0,280],[0,275],[0,280],[0,276],[0,279],[0,276],[0,279],[0,276],[0,279],[0,280],[0,276],[0,279],[0,276],[0,279],[0,276],[0,280],[0,275],[0,280],[0,276],[0,279],[0,276],[0,279],[0,280],[0,276],[0,279],[0,276],[0,279],[0,276],[0,280],[0,275],[0,280],[0,276],[0,279],[0,280],[0,275],[0,280],[0,276],[0,279],[0,276],[0,279],[0,276],[0,280],[0,275],[0,280],[0,275],[0,280]],[[8333,33333],[0,0],[0,280],[0,275],[0,280],[0,275],[0,280],[0,276],[0,279],[0,276],[0,279],[0,276],[0,280],[0,279],[0,276],[0,279],[0,276],[0,280],[0,275],[0,280],[0,276],[0,279],[0,276],[0,279],[0,276],[0,280],[0,279],[0,276],[0,279],[0,276],[0,280],[0,275],[0,280],[0,276],[0,279],[0,276],[0,279],[0,280],[0,276],[0,279],[0,276],[0,279],[0,276],[0,279],[0,276],[0,280],[0,275],[0,280],[0,276],[0,279],[0,280],[0,275],[0,280],[0,276],[0,279],[0,276],[0,279],[0,276],[0,280],[0,275],[0,280],[0,276]],[[8333,49998],[0,3],[0,276],[0,280],[0,275],[0,280],[0,276],[0,279],[0,276],[0,279],[0,276],[0,280],[0,275],[0,280],[0,279],[0,276],[0,280],[0,275],[0,280],[0,276],[0,279],[0,276],[0,279],[0,276],[0,279],[0,280],[0,276],[0,279],[0,276],[0,279],[0,276],[0,280],[0,275],[0,280],[0,276],[0,279],[0,276],[0,279],[0,280],[0,276],[0,279],[0,276],[0,279],[0,276],[0,280],[0,275],[0,280],[0,276],[0,279],[0,280],[0,275],[0,280],[0,276],[0,279],[0,276],[0,279],[0,276],[0,280],[0,275],[0,280],[0,275],[0,280]],[[8333,66666],[0,0],[0,280],[0,275],[0,280],[0,275],[0,280],[0,276],[0,279],[0,276],[0,279],[0,276],[0,280],[0,279],[0,276],[0,279],[0,276],[0,280],[0,275],[0,280],[0,276],[0,279],[0,276],[0,279],[0,276],[0,280],[0,279],[0,276],[0,279],[0,276],[0,280],[0,275],[0,280],[0,276],[0,279],[0,276],[0,279],[0,280],[0,276],[0,279],[0,276],[0,279],[0,276],[0,279],[0,276],[0,280],[0,275],[0,280],[0,276],[0,279],[0,280],[0,275],[0,280],[0,276],[0,279],[0,276],[0,279],[0,276],[0,280],[0,275],[0,280],[0,276]],[[8333,83331],[0,3],[0,276],[0,280],[0,275],[0,280],[0,276],[0,279],[0,276],[0,279],[0,276],[0,280],[0,275],[0,280],[0,279],[0,276],[0,280],[0,275],[0,280],[0,276],[0,279],[0,276],[0,279],[0,276],[0,279],[0,276],[0,280],[0,279],[0,276],[0,279],[0,276],[0,280],[0,275],[0,280],[0,276],[0,279],[0,276],[0,279],[0,280],[0,276],[0,279],[0,276],[0,279],[0,276],[0,280],[0,275],[0,280],[0,276],[0,279],[0,276],[0,279],[0,280],[0,276],[0,279],[0,276],[0,279],[0,276],[0,280],[0,275],[0,280],[0,275],[0,280]],[[64319,76133],[191,-128],[62,105],[164,-56],[42,-142],[-33,-347],[-144,-343],[-323,-40],[-142,-392],[-164,19],[-21,-148],[174,-113],[0,-82],[129,-334],[-12,-158],[106,20],[77,-198],[67,29],[150,-85],[-88,-357],[47,-317],[165,324],[206,-14],[38,-303],[156,-189],[12,-198],[-256,-115],[-171,79],[-103,-159],[0,-241],[41,-59],[153,33],[0,-135],[-97,-212],[124,-26],[123,-241],[-41,-208],[0,-433],[53,-515],[-147,40],[-438,-172],[-230,86],[-167,165],[-92,205],[-197,53],[-85,69],[-53,168],[-21,522],[27,178],[76,-6],[56,502],[171,284],[-129,19],[-109,241],[-44,199],[-203,383],[-236,511],[-23,298],[35,122],[-71,241],[-153,128],[6,119],[100,89],[162,496],[130,6],[161,228],[112,50],[35,132],[159,46],[168,188],[221,132],[94,-43]],[[99999,96674],[0,-277],[0,-278],[0,-274],[0,-277],[0,-277],[0,-278],[0,-277],[0,-277],[0,-278],[0,-277],[0,-278],[0,-274],[0,-277],[0,-277],[0,-278],[0,-277],[0,-277],[0,-278],[0,-277],[0,-277],[0,-278],[0,-274],[0,-277],[0,-278],[0,-277],[0,-10],[-303,-165],[-21,-238],[324,103],[0,-245],[0,-277],[0,-277],[0,-278],[0,-43],[-206,162],[-985,340],[-174,-20],[-638,67],[-606,82],[-6,-284],[85,-337],[-353,-122],[-88,178],[-282,80],[-12,178],[-159,119],[-203,-152],[-585,36],[-224,116],[-450,-56],[-270,-162],[-142,145],[-344,139],[115,205],[-115,227],[-473,208],[-568,30],[-632,-132],[-292,-16],[-276,257],[-421,165],[-306,60],[168,247],[-335,93],[-336,10],[-288,-284],[-150,145],[365,129],[-421,135],[-1074,122],[-185,-132],[-373,-23],[-112,-106],[206,-72],[-86,-136],[121,-227],[-347,66],[-350,-162],[-418,158],[-506,-145],[-282,116],[-171,168],[-185,-409],[-180,-222],[-255,106],[-253,228],[-130,214],[3,189],[153,155],[-423,172],[91,135],[320,69],[-664,288],[-115,-93],[-406,99],[-235,136],[-298,-133],[83,-194],[-262,-103],[-432,-56],[-721,155],[-3,212],[-844,66],[-418,-96],[-303,115],[-282,0],[-494,149],[-130,-99],[241,-109],[-158,-92],[-592,-169],[-300,76],[139,175],[373,86],[388,234],[33,99],[482,159],[518,347],[-97,161],[176,156],[-176,227],[-471,235],[-1003,26],[-100,-128],[-318,0],[286,224],[-442,106],[27,181],[-341,159],[-415,-27],[-650,-379],[-18,-245],[-373,-39],[-715,-294],[-430,125],[-605,-66],[94,-105],[-1200,-195],[-686,-446],[-132,-198],[138,-248],[-915,-135],[-738,-46],[-156,-146],[159,-214],[-38,-211],[141,-106],[270,-36],[0,-109],[327,-139],[73,-129],[-132,-205],[174,-426],[-212,-26],[35,251],[-259,76],[27,149],[206,72],[76,149],[-126,56],[-312,-46],[-253,211],[-400,168],[-247,14],[-280,-129],[197,-96],[-170,-96],[-180,119],[-261,-76],[91,-195],[373,-151],[30,-80],[-489,53],[-220,93],[85,76],[-67,234],[120,158],[-53,274],[-150,-36],[-17,-320],[-392,-155],[-135,-231],[144,-83],[212,-409],[-162,-189],[-62,-241],[109,-185],[-41,-125],[377,-46],[111,89],[344,-76],[259,-135],[136,-337],[-177,-83],[-62,225],[-261,257],[-533,-168],[-35,-172],[103,-112],[9,-274],[-230,-218],[-115,-264],[-276,-112],[-141,-215],[-233,73],[-217,-17],[-347,159],[3,118],[223,17],[209,-192],[247,80],[182,284],[50,171],[221,215],[-32,191],[153,162],[-295,245],[-41,736],[94,86],[-26,379],[-232,238],[103,46],[182,364],[-15,214],[-347,146],[-635,-43],[-80,-76],[-141,-482],[-150,-172],[-282,-129],[-65,-294],[156,33],[12,-426],[-147,-178],[353,-139],[123,-287],[174,-53],[-150,-274],[-86,-26],[-335,247],[-371,166],[-326,208],[-315,122],[-732,99],[-177,-152],[218,-367],[-318,-138],[-29,-185],[-156,36],[85,202],[-150,132],[-250,-83],[-179,-162],[-383,50],[-476,-245],[-224,393],[-382,-208],[-450,-181],[-530,-304],[-144,-10],[-79,-363],[-318,-102],[-203,39],[-70,152],[-180,89],[112,228],[379,63],[-214,333],[-545,60],[71,-165],[-118,-598],[189,-142],[-127,-466],[-220,195],[-292,53],[-238,-261],[-153,-39],[-268,-212],[-32,-115],[185,-264],[39,-215],[-265,3],[-709,350],[-159,-142],[191,-290],[186,-10],[82,-192],[-221,-119],[-279,106],[-132,185],[-239,59],[15,162],[-176,363],[111,113],[21,168],[-462,439],[450,-43],[159,-109],[418,-72],[291,-109],[391,26],[306,149],[206,224],[56,169],[-103,327],[-280,178],[-435,185],[-212,198],[-476,257],[-586,93],[-500,347],[-100,-123],[-335,40],[-162,-43],[-61,129],[385,181],[-268,228],[-209,-6],[-323,218],[-630,-129],[-350,66],[-32,-129],[-288,-211],[-92,-152],[-332,129],[-215,-63],[-11,-185],[-183,-59],[-391,-17],[-224,-139],[-167,-333],[-297,-139],[-162,-340],[-365,-300],[-141,-281],[-177,-23],[-91,-119],[-9,-238],[-244,-366],[86,-106],[-50,-198],[-139,-13],[-53,-159],[-370,-241],[-253,-320],[106,-142],[232,59],[12,-115],[-233,7],[-73,122],[-253,-119],[-68,-169],[-291,-122],[-162,10],[6,-152],[-170,-26],[20,-102],[-350,-251],[-44,-387],[91,-604],[215,7],[-106,-294],[-144,-89],[53,-113],[241,4],[-197,-248],[50,-195],[268,-171],[-15,-80],[215,-26],[203,46],[338,360],[35,99],[212,56],[59,178],[217,-145],[-5,-383],[185,-112],[-50,-198],[191,-515],[138,-146],[-103,-208],[115,-293],[24,-195],[326,-4],[6,185],[135,235],[247,33],[77,-66],[200,554],[35,350],[-67,100],[103,158],[-12,228],[444,310],[-94,139],[165,102],[47,301],[-109,39],[-138,225],[-77,-46],[-132,264],[-3,350],[67,56],[42,294],[-56,86],[194,102],[-33,129],[150,26],[83,218],[529,294],[115,244],[144,122],[-118,215],[292,409],[38,162],[597,-36],[232,-175],[27,-287],[-215,-76],[-362,-515],[-235,-136],[-41,-188],[-244,-63],[-118,-327],[88,-227],[65,-370],[-85,-377],[209,-237],[155,-33],[150,-271],[377,79],[185,119],[150,0],[100,99],[268,66],[112,-46],[212,46],[241,-205],[-33,-191],[-126,16],[-179,-251],[-536,103],[-447,-69],[-241,-142],[15,-367],[164,-175],[74,-561],[-188,-146],[-124,83],[-35,142],[-150,215],[-247,-113],[-83,-287],[-94,-106],[-26,-330],[88,-528],[-15,-201],[-332,3],[-141,-294],[-262,10],[-74,224],[-273,-49],[-212,-106],[-97,-158],[-100,-14],[-347,-234],[-30,-89],[-144,59],[-85,218],[-56,-23],[-271,192],[-111,-159],[-124,-23],[-56,-132],[-79,63],[-27,178],[-82,-13],[-212,129],[-144,340],[24,148],[185,271],[-9,129],[147,39],[59,129],[-168,63],[-26,191],[76,182],[-53,231],[-106,-33],[-153,-238],[-220,-23],[32,-270],[-170,-47],[-3,-241],[76,-125],[-26,-172],[91,-79],[20,-390],[89,-129],[-115,-92],[112,-172],[-233,-264],[-58,93],[-203,-30],[-56,-162],[-80,46],[-317,-85],[-189,-222],[-47,33],[-64,-350],[-189,-403],[-82,-108],[-297,-192],[-247,-112],[-6,-363],[-106,-142],[-262,-129],[-126,-248],[-236,63],[-88,175],[-135,-27],[73,-247],[30,-287],[-315,-90],[-132,185],[-127,-102],[-112,26],[-208,-92],[-9,-126],[132,-26],[-44,-178],[59,-96],[409,-89],[56,-142],[155,-185],[-35,-129],[88,-175],[174,-155],[35,-106],[-41,-181],[9,-519],[-85,-663],[-53,-103],[-130,-62],[-173,92],[-100,-53],[-124,89],[-176,-62],[-150,6],[-192,80],[-503,6],[-129,112],[-171,-115],[-5,-89],[-245,-139],[-3,-119],[130,-297],[-35,-373],[61,-334],[-56,-561],[-61,-304],[-74,-115],[-38,-367],[65,-23],[14,-142],[83,56],[35,-181],[-6,-387],[-53,-237],[100,33],[227,-70],[85,96],[132,20],[147,-136],[95,-366],[153,-165],[117,224],[130,47],[79,122],[418,23],[159,46],[64,-56],[127,350],[120,119],[89,-13],[114,435],[206,218],[-123,192],[-33,244],[189,426],[100,294],[79,126],[297,132],[65,105],[176,136],[86,142],[-53,326],[17,308],[230,237],[173,-92],[203,-7],[15,-79],[141,-92],[230,85],[14,116],[206,208],[191,96],[156,261],[141,-40],[242,-188],[123,-482],[-12,-116],[136,-129],[62,-161],[123,-76],[47,-139],[338,-446],[189,13],[91,-231],[135,-125],[59,36],[68,-155],[-24,-86],[121,-132],[73,40],[106,-354],[53,-383],[-94,-49],[18,-106],[-71,-129],[3,-152],[118,-9],[135,267],[-9,162],[177,132],[-6,248],[-177,158],[24,218],[123,244],[130,-122],[91,-7],[65,-211],[82,-63],[41,175],[-144,301],[-147,99],[-115,139],[-288,191],[-26,119],[73,86],[-47,82],[-250,-3],[-106,83],[-185,287],[-127,515],[-253,251],[-94,149],[-32,280],[79,119],[-91,192],[282,257],[80,-145],[79,-360],[103,73],[44,198],[165,-218],[-6,-152],[115,-185],[-47,-89],[218,-287],[264,-152],[259,-331],[197,-208],[44,14],[136,-291],[114,-66],[-38,-373],[24,-112],[-62,-165],[20,-195],[133,-136],[120,-399],[130,-175],[94,-377],[79,-72],[-70,-208],[117,-152],[45,-413],[64,-16],[59,128],[62,-191],[200,73],[-103,409],[123,40],[15,198],[127,-13],[76,191],[-176,195],[-153,79],[106,277],[-12,119],[-150,307],[70,251],[133,-148],[106,-10],[53,109],[-50,155],[117,20],[127,122],[132,33],[268,-102],[94,-347],[94,142],[135,99],[97,198],[198,53],[208,-46],[36,128],[-203,119],[-83,109],[-26,238],[-97,274],[70,79],[-3,165],[77,225],[123,73],[12,439],[41,208],[230,86],[35,333],[62,211],[147,132],[138,291],[274,43],[-27,-198],[171,-136],[203,43],[132,-135],[-232,-155],[9,-155],[182,-146],[-23,-270],[67,-113],[168,80],[41,102],[150,59],[150,159],[82,-73],[165,43],[41,198],[-123,20],[-183,-89],[-170,347],[-18,135],[135,69],[168,202],[400,125],[68,116],[153,-7],[315,103],[0,-142],[-239,-103],[-161,-191],[117,-185],[-85,-70],[-94,-198],[29,-181],[-153,-7],[-91,66],[-35,-188],[161,-99],[53,-139],[112,7],[83,-155],[223,-146],[377,-558],[144,-43],[179,-234],[77,-456],[-106,-247],[-347,-251],[-197,102],[-306,-106],[-209,67],[-268,188],[-47,-76],[-144,274],[-112,-56],[-85,72],[-77,185],[-70,-82],[-380,39],[-294,-165],[-238,-224],[-50,-126],[-109,-6],[-156,72],[-109,-33],[-182,50],[-56,-145],[91,-119],[-103,-66],[-58,-136],[-368,-46],[-41,76],[-156,-30],[-162,-254],[-24,-261],[230,60],[-62,-156],[59,-128],[-47,-195],[59,-192],[-18,-185],[103,-29],[-6,-360],[91,-50],[-59,-132],[183,10],[47,-201],[123,36],[139,-40],[20,-181],[139,-109],[161,92],[53,-39],[68,363],[182,-46],[189,-146],[94,-204],[123,-83],[244,63],[242,347],[61,29],[159,-152],[188,212],[45,-179],[-109,-158],[50,-169],[-65,-254],[50,-79],[-15,-274],[33,-215],[-91,-138],[-21,-205],[-177,-614],[-64,-479],[-74,-231],[-112,-168],[-220,-80],[-41,56],[-103,-85],[-112,132],[-56,-106],[-168,205],[-117,86],[-103,-123],[-103,70],[-239,-307],[-132,-73],[-173,142],[-142,16],[-153,142],[-420,136],[-177,-46],[-59,244],[-247,20],[-276,178],[-3,178],[-259,169],[-150,-10],[-291,-208],[-138,-212],[-42,-254],[65,-280],[-32,-218],[-80,-172],[-191,-139],[-115,89],[-132,202],[-223,168],[-177,76],[-191,27],[-153,218],[-35,274],[-47,128],[-203,73],[-80,109],[-229,102],[-174,-56],[-106,17],[-138,138],[-185,73],[-21,188],[-109,-36],[0,122],[-106,0],[-79,155],[21,188],[132,123],[141,369],[-26,251],[-112,109],[-27,268],[80,63],[94,234],[-24,116],[-170,-195],[-162,333],[-179,-53],[-86,-119],[-276,-95],[-177,122],[-103,-99],[-156,99],[-41,-93],[-267,-138],[-124,135],[-268,10],[-100,-76],[-147,17],[-82,-113],[-74,17],[-367,-83],[-256,-241],[-71,-148],[-62,69],[-232,-191],[-23,-96],[-218,-175],[-230,39],[-23,126],[-97,-96],[-180,27],[-114,-53],[-109,49],[-135,188],[-53,189],[-130,-70],[-106,-508],[-147,-469],[-188,-215],[-285,-211],[-203,-386],[-30,-304],[-135,-347],[-12,-399],[77,-155],[-12,-156],[-135,-386],[-121,-244],[-129,-129],[-124,-241],[-159,-132],[-253,-96],[-56,-129],[-123,-551],[-221,-241],[-103,-449],[-35,-426],[-197,-363],[-159,-502],[-47,-301],[-97,-171],[-71,-274],[12,-347],[71,-271],[76,-56],[53,-198],[-24,-376],[-50,-152],[74,-156],[38,-277],[3,-452],[-112,-571],[-23,-483],[-165,-468],[-12,-152],[103,-304],[71,-310],[-77,-119],[21,-165],[-15,-307],[133,-268],[100,-132],[114,-20],[45,-112],[-3,-188],[70,-60],[36,-161],[61,16],[94,-333],[200,-218],[133,-393],[29,-519],[50,23],[6,-178],[132,-155],[-5,-135],[185,-133],[97,-118],[38,-129],[127,-112],[23,-106],[115,-76],[250,-436],[62,-135],[282,-314],[224,-132],[150,172],[294,208],[168,53],[350,59],[361,-122],[168,-152],[144,155],[212,109],[121,155],[191,159],[188,36],[38,129],[209,112],[459,99],[241,-53],[168,-284],[91,-280],[71,-393],[141,-198],[241,53],[62,132],[150,-63],[315,26],[29,-247],[173,-162],[15,-152],[86,-251],[-53,-429],[8,-228],[-123,-400],[44,-26],[29,-182],[-82,-102],[9,-337],[-24,-237],[-138,-192],[135,-399],[0,-202],[180,-479],[203,-343],[3,-76],[329,-644],[83,-317],[5,-241],[86,-241],[-47,-53],[147,-445],[9,-175],[147,-588],[3,-241],[-109,-188],[56,-344],[155,-518],[27,-261],[-15,-363],[-44,-268],[-76,-191],[-118,-122],[0,-93],[-118,-257],[-3,-228],[-50,-132],[-14,-367],[-59,-267],[-21,-215],[-64,-99],[17,-380],[-26,-591],[35,-333],[50,-202],[71,-105],[241,-809],[65,-367],[123,-356],[35,-182],[121,-274],[32,-152],[-8,-895],[85,-356],[17,-535],[124,-865],[109,-350],[244,-419],[68,-208],[132,-704],[171,-554],[76,-175],[50,-334],[-20,-215],[-121,-92],[21,-129],[108,-241],[68,-330],[85,-43],[-14,-119],[138,-30],[94,-198],[85,-19],[159,198],[121,53],[206,-17],[126,165],[132,53],[86,-50],[194,60],[338,-116],[27,113],[179,-37],[24,142],[76,46],[156,-23],[162,126],[403,535],[235,459],[171,247],[106,248],[220,713],[156,330],[177,231],[44,202],[38,373],[53,277],[-9,406],[-79,172],[88,241],[238,244],[256,162],[127,119],[108,271],[-29,152],[35,518],[3,380],[-53,72],[-17,248],[-62,218],[20,159],[-103,227],[-2,370],[105,106],[150,317],[209,198],[18,109],[112,218],[56,175],[229,287],[191,145],[136,60],[32,92],[138,159],[130,343],[111,228],[56,290],[21,288],[-85,462],[5,456],[24,33],[-41,280],[-18,337],[18,383],[35,63],[-23,185],[-86,171],[-129,119],[-33,443],[-44,59],[-53,400],[45,195],[-51,231],[77,264],[-24,145],[-170,284],[-21,175],[59,294],[65,472],[88,126],[118,571],[73,224],[-14,129],[58,112],[124,103],[32,168],[91,59],[103,225],[121,390],[385,822],[300,521],[409,489],[168,327],[368,796],[70,251],[124,317],[109,369],[8,149],[83,340],[126,396],[6,126],[124,290],[38,205],[115,334],[23,485],[74,66],[-30,409],[59,360],[-138,86],[-62,-36],[-85,-185],[-191,-73],[-189,-115],[-67,43],[-139,-103],[-220,17],[-256,-268],[-180,103],[-232,-255],[-191,20],[-124,195],[-103,304],[-197,198],[174,165],[9,132],[-89,320],[-88,24],[-9,85],[-100,116],[-26,195],[-85,145],[-83,59],[-144,390],[-97,33],[-71,159],[-76,-43],[-112,330],[-44,-136],[-135,469],[-21,291],[-65,426],[-105,403],[-242,343],[-35,-16],[-59,250],[-44,661],[15,119],[-33,396],[-64,208],[3,231],[-127,162],[-67,162],[-86,46],[-62,139],[-50,287],[3,337],[-73,161],[-191,737],[-147,495],[-53,360],[-86,208],[0,178],[-179,347],[-68,218],[-9,208],[-70,139],[62,204],[88,-403],[70,-115],[27,-258],[235,-426],[97,99],[-6,182],[65,258],[47,-136],[-44,-238],[112,10],[76,-135],[65,-231],[132,-307],[174,-585],[76,-115],[83,-251],[0,-254],[79,-261],[44,13],[215,-281],[156,-564],[21,-255],[-39,-214],[59,-254],[-20,-86],[58,-215],[130,-320],[85,-36],[127,-172],[117,-261],[74,-449],[62,-129],[79,-310],[162,-251],[9,-155],[111,-281],[30,-343],[-41,-185],[67,-430],[44,-478],[50,-202],[-8,-284],[61,-201],[133,-139],[164,109],[95,-36],[147,188],[70,152],[159,53],[129,-3],[195,125],[170,221],[50,-49],[136,43],[111,257],[139,129],[167,59],[103,113],[227,102],[238,215],[-21,201],[39,158],[85,116],[206,145],[67,7],[124,132],[276,13],[65,122],[-9,159],[62,181],[250,53],[59,119],[29,248],[71,119],[256,112],[-38,413],[32,247],[71,155],[108,-62],[127,432],[115,162],[126,423],[15,138],[-82,60],[-130,277],[-88,271],[-235,99],[-212,129],[-150,304],[-71,310],[-20,380],[38,118],[-68,162],[-44,-204],[-138,-185],[-121,-294],[-106,-119],[-62,-231],[-100,-132],[-150,-56],[-41,39],[-238,20],[-65,-83],[-147,-3],[-9,136],[-138,33],[85,363],[-32,313],[30,202],[-92,155],[-56,-59],[-82,-354],[6,-181],[-62,-7],[-26,205],[-86,139],[12,392],[-35,179],[-206,267],[-65,192],[-67,29],[8,129],[-76,159],[-29,208],[-95,287],[-53,310],[-5,235],[158,-37],[200,126],[100,-69],[133,92],[17,-145],[145,-271],[-6,-168],[56,-4],[8,-171],[53,-53],[89,-413],[56,-79],[120,-10],[112,-102],[44,-142],[232,-222],[86,-158],[161,3],[139,-122],[129,165],[62,-13],[56,129],[185,112],[127,-36],[58,-159],[39,-419],[47,-179],[176,-46],[56,-82],[180,10],[58,-90],[118,33],[127,-72],[179,66],[23,-96],[215,-122],[36,82],[150,-59],[111,89],[286,-36],[82,102],[229,-82],[50,56],[242,10],[211,138],[77,-204],[-9,-222],[132,-92],[53,-330],[80,-149],[76,20],[139,-135],[38,-175],[191,-245],[132,-53],[150,136],[36,-46],[-56,-192],[-268,-158],[-3,-165],[238,-459],[133,-192],[123,-53],[312,274],[53,248],[-35,178],[38,142],[68,30],[6,-499],[91,-284],[-6,-201],[-62,-370],[91,-980],[77,-509],[17,-363],[36,-244],[85,-311],[35,-43],[59,-356],[47,-50],[97,-482],[56,-541],[88,-364],[112,-284],[83,-333],[76,-396],[56,-496],[65,-320],[126,-304],[144,-161],[153,165],[47,330],[59,82],[165,109],[-18,198],[118,364],[126,-23],[0,488],[-29,231],[32,248],[100,363],[36,373],[-62,505],[17,172],[-38,248],[59,366],[79,116],[124,-20],[71,264],[141,0],[153,145],[-3,248],[47,99],[215,215],[103,251],[129,125],[221,529],[191,287],[197,96],[129,307],[74,109],[-47,287],[103,208],[138,59],[123,169],[30,-225],[121,79],[105,-49],[265,142],[44,-36],[121,287],[-44,419],[41,27],[47,-189],[97,-142],[82,152],[92,-214],[58,-549],[95,-369],[132,-311],[94,-115],[56,39],[97,-109],[21,-138],[67,-86],[-85,-248],[132,-109],[77,-323],[47,-347],[-3,-175],[-85,-423],[-18,-290],[82,96],[15,-126],[79,-96],[162,-33],[91,231],[239,205],[126,410],[50,-307],[112,-109],[-21,-274],[36,-70],[23,-558],[88,-416],[-3,-241],[42,7],[91,-291],[26,-284],[-32,-221],[41,-129],[-26,-175],[41,-26],[-12,-423],[-70,-115],[8,-284],[30,-142],[-77,-413],[-26,-261],[14,-274],[89,73],[194,-420],[12,-132],[91,-135],[6,-145],[120,-241],[62,-238],[24,-396],[-18,-123],[59,-125],[-3,-297],[59,-129],[-18,-122],[91,-139],[71,-191],[-3,-235],[138,-155],[112,-198],[82,-69],[244,-307],[39,-139],[94,102],[126,-16],[-26,198],[-109,432],[-103,212],[12,307],[-38,135],[41,324],[-12,254],[-91,324],[-174,287],[-32,132],[-168,205],[-59,184],[-156,14],[-108,185],[-36,-30],[-82,208],[32,135],[-23,387],[-74,102],[-26,366],[-168,-36],[-29,627],[100,301],[-3,119],[100,475],[44,126],[-15,237],[38,242],[-17,191],[170,66],[86,-26],[-9,-476],[250,30],[129,-268],[127,-82],[100,-386],[-3,-228],[70,-37],[33,146],[56,-37],[-12,-313],[173,39],[95,-175],[114,-92],[-32,-132],[-32,-575],[23,-142],[68,40],[120,274],[183,132],[106,155],[61,284],[-17,202],[150,-80],[297,321],[65,125],[123,99],[62,212],[-9,505],[71,148],[-65,264],[21,271],[-112,710],[-180,509],[-294,468],[-23,96],[-133,215],[-64,350],[-86,102],[-129,353],[50,199],[0,178],[59,221],[153,129],[14,221],[89,182],[120,39],[-3,136],[115,142],[132,39],[53,149],[192,-145],[0,-113],[108,50],[77,-76],[-35,-129],[20,-251],[106,-234],[112,128],[-106,205],[0,76],[294,304],[118,0],[159,162],[111,-27],[139,179],[105,33],[33,231],[-65,171],[44,63],[115,-350],[82,-46],[3,162],[130,122],[238,46],[144,-26],[112,62],[106,370],[109,27],[173,208],[30,231],[120,102],[59,-33],[74,188],[52,284],[145,189],[-15,161],[68,238],[85,92],[47,261],[65,50],[41,234],[126,330],[139,37],[-33,231],[41,267],[80,7],[-6,248],[38,138],[-106,63],[-82,178],[-135,-86],[-45,37],[68,171],[121,126],[159,83],[-71,201],[-209,297],[85,43],[150,-112],[0,145],[-105,89],[-24,169],[-124,118],[-2,215],[-139,469],[-41,251],[-291,264],[123,442],[71,24],[79,171],[-23,149],[165,-33],[-15,99],[82,152],[306,218],[77,-89],[56,66],[8,204],[-117,96],[-150,-33],[-236,228],[-244,-264],[-26,-116],[-91,-16],[-130,89],[18,244],[-24,208],[-241,23],[-150,268],[50,264],[88,69],[86,-105],[185,89],[79,135],[65,254],[250,169],[156,353],[103,59],[191,-105],[68,-136],[-118,-284],[-94,-72],[-65,-146],[156,-363],[147,258],[256,205],[224,29],[47,53],[297,-294],[-132,-578],[35,-251],[170,-79],[50,126],[74,-106],[91,53],[88,-350],[0,-152],[-94,-162],[89,-389],[-98,-516],[24,-148],[-44,-89],[94,-192],[168,225],[29,-142],[118,284],[76,23],[118,-86],[12,142],[135,-33],[135,261],[33,310],[-53,73],[23,317],[-38,284],[-194,479],[-97,340],[-141,194],[-112,73],[41,284],[135,165],[89,-10],[82,149],[126,99],[39,122],[141,79],[23,301],[-44,95],[118,294],[123,142],[50,-26],[71,188],[71,-6],[155,376],[92,-63],[56,-165],[123,13],[118,-119],[212,106],[73,109],[265,241],[206,495],[67,40],[195,406],[235,327],[118,241],[120,423],[118,181],[85,264],[250,367],[50,426],[62,198],[-41,162],[67,109],[-61,267],[129,598],[147,181],[18,126],[-106,155],[47,73],[-27,224],[53,182],[-220,181],[-97,232],[-118,89],[-297,56],[6,-188],[-74,-241],[-323,-7],[120,228],[-79,96],[-103,-172],[-118,3],[53,433],[-314,-10],[-148,178],[183,155],[123,175],[347,350],[168,198],[135,281],[509,482],[115,297],[188,132],[189,281],[250,129],[205,36],[306,-30],[365,20],[341,-92],[103,86],[244,-86],[95,224],[129,66],[238,-82],[80,-96],[191,89],[91,-168],[-150,-113],[38,-132],[186,10],[105,83],[142,-60],[126,182],[188,-106],[127,93],[194,10],[-65,145],[-214,46],[8,159],[203,277],[268,215],[194,290],[18,139],[218,142],[526,63],[44,-123],[247,50],[-138,-261],[256,-300],[441,511],[156,76],[79,397],[371,82],[-132,-228],[-24,-320],[-79,-135],[76,-53],[-356,-390],[-226,-129],[-112,-191],[-462,-515],[-38,-145],[-197,-258],[-221,-218],[-141,0],[-70,-122],[-186,-17],[56,-194],[-79,-189],[-165,-142],[-129,-505],[-30,-353],[50,-475],[59,-314],[47,-515],[91,-400],[27,-515],[64,-172],[277,314],[147,235],[100,518],[97,96],[256,115],[-24,255],[59,241],[191,201],[274,-13],[121,188],[-80,125],[-26,294],[103,291],[123,76],[127,-145],[88,99],[-38,310],[-124,13],[15,344],[138,181],[-173,142],[-71,-99],[-127,168],[112,314],[188,195],[65,155],[-38,126],[91,214],[274,119],[179,-13],[256,205],[85,-317],[209,274],[274,105],[294,0],[153,-92],[68,-192],[126,-49],[26,168],[251,268],[167,56],[409,389],[18,109],[264,37],[586,376],[206,53],[503,-139],[126,205],[-85,281],[-197,109],[29,277],[-344,284],[144,139],[418,85],[144,136],[0,-278],[0,-277],[0,-274],[0,-277],[0,-278],[0,-277],[0,-277],[0,-278],[0,-277],[0,-277],[0,-278],[0,-274],[0,-277],[0,-278],[0,-277],[0,-277],[0,-278],[0,-277],[0,-277],[0,-278],[0,-277],[0,-274],[0,-277],[0,-278],[0,-277],[0,-277],[0,-278],[0,-277],[0,-278],[0,-277],[0,-274],[0,-277],[0,-278],[0,-277],[0,-277],[0,-278],[0,-277],[0,-277],[0,-278],[0,-211],[0,-66],[0,-274],[0,-278],[0,-277],[0,-277],[0,-278],[0,-277],[0,-277],[0,-278],[0,-277],[0,-274],[0,-277],[0,-278],[0,-277],[0,-277],[0,-278],[0,-277],[0,-278],[0,-277],[0,-277],[0,-274],[0,-278],[0,-277],[0,-277],[0,-278],[0,-277],[0,-277],[0,-278],[0,-277],[0,-274],[0,-278],[0,-277],[0,-277],[0,-278],[0,-277],[0,-277],[0,-278],[0,-277],[0,-277],[0,-274],[0,-278],[0,-277],[0,-277],[0,-278],[0,-277],[0,-278],[0,-277],[0,-277],[0,-274],[0,-278],[0,-277],[0,-277],[0,-278],[0,-277],[0,-277],[0,-278],[0,-277],[0,-274],[0,-278],[0,-277],[0,-277],[0,-278],[0,-277],[0,-277],[0,-278],[0,-277],[0,-277],[0,-274],[0,-278],[0,-277],[0,-277],[0,-278],[0,-277],[0,-278],[0,-277],[0,-277],[0,-274],[0,-278],[0,-277],[0,-277],[0,-278],[0,-277],[0,-277],[0,-278],[0,-277],[0,-277],[0,-275],[0,-277],[0,-277],[0,-278],[0,-277],[0,-139],[0,-138],[0,-278],[0,-277],[0,-277],[0,-274],[0,-278],[0,-277],[0,-277],[0,-278],[0,-277],[0,-278],[0,-277],[0,-277],[0,-278],[0,-274],[0,-277],[0,-277],[0,-278],[0,-277],[0,-277],[0,-278],[0,-277],[0,-277],[0,-275],[0,-277],[0,-277],[0,-278],[0,-277],[0,-277],[0,-278],[0,-277],[0,-277],[0,-245],[-288,-178],[-100,-172],[29,-122],[156,172],[62,-10],[141,300],[0,-23],[0,-155],[0,-30],[0,-89],[0,-46],[0,-99],[0,-132],[0,-277],[0,-278],[0,-277],[0,-278],[0,-277],[0,-277],[0,-278],[0,-274],[0,-277],[0,-277],[0,-278],[0,-277],[0,-277],[0,-278],[0,-277],[0,-277],[0,-278],[0,-274],[0,-277],[0,-278],[0,-277],[0,-277],[0,-278],[0,-277],[0,-277],[0,-278],[0,-274],[0,-277],[0,-277],[0,-278],[0,-277],[0,-278],[0,-277],[0,-277],[0,-278],[0,-277],[0,-274],[0,-277],[0,-278],[0,-178],[0,-99],[0,-277],[0,-278],[0,-277],[0,-277],[0,-278],[0,-274],[0,-277],[0,-278],[0,-277],[0,-277],[0,-278],[0,-277],[0,-277],[0,-278],[0,-277],[0,-274],[0,-277],[0,-278],[0,-277],[0,-278],[0,-277],[0,-277],[0,-278],[0,-277],[0,-274],[0,-277],[0,-278],[0,-277],[0,-277],[0,-278],[0,-277],[0,-277],[0,-278],[0,-277],[0,-274],[0,-278],[0,-277],[0,-277],[0,-278],[0,-277],[0,-277],[0,-278],[0,-277],[0,-274],[0,-277],[0,-278],[0,-277],[0,-278],[0,-277],[0,-277],[0,-278],[0,-277],[0,-277],[0,-274],[0,-278],[0,-277],[0,-277],[0,-278],[0,-277],[0,-277],[0,-278],[0,-277],[0,-274],[0,-278],[0,-277],[0,-277],[0,-278],[0,-277],[0,-277],[0,-278],[0,-277],[0,-277],[0,-274],[0,-278],[0,-277],[0,-278],[0,-277],[0,-277],[0,-278],[0,-277],[0,-277],[0,-274],[0,-278],[0,-277],[0,-277],[0,-278],[0,-277],[0,-277],[0,-278],[0,-277],[0,-278],[0,-274],[0,-277],[0,-277],[0,-188],[0,0],[-179,85],[-1218,205],[-2006,320],[235,142],[-894,218],[-806,509],[-577,204],[171,314],[-74,211],[-600,-56],[53,122],[577,169],[-271,162],[230,135],[-89,142],[465,53],[-150,152],[647,33],[539,175],[-127,125],[-312,-16],[80,208],[-215,132],[-194,333],[-36,661],[-229,158],[132,165],[12,274],[300,152],[256,-56],[156,106],[-156,254],[294,10],[592,422],[514,60],[197,337],[-132,23],[109,247],[-50,166],[-386,257],[-173,30],[-100,191],[-344,14],[-321,115],[-297,40],[-229,-93],[-197,198],[-171,-10],[-29,-336],[-189,33],[-17,221],[-415,535],[-197,6],[-215,149],[-532,10],[-130,122],[-250,56],[-73,198],[-247,142],[3,-270],[-165,-67],[-236,100],[-397,-10],[-32,204],[-297,-76],[-600,73],[-344,244],[-94,182],[-227,33],[-82,-106],[-286,-19],[209,353],[-332,152],[-274,-99],[-138,125],[-200,-33],[-559,162],[-641,132],[-85,-73],[-133,119],[-515,-43],[-144,119],[-564,-76],[-286,53],[-279,-162],[-144,-366],[-492,16],[-120,76],[-41,271],[-265,79],[-330,-254],[-194,96],[-138,-93],[-353,-49],[-203,-139],[-691,-175],[-182,201],[-383,-56],[-206,27],[-288,-126],[-421,-95],[91,171],[315,76],[174,149],[-53,105],[-256,66],[-68,139],[-341,258],[-632,-162],[-121,-142],[-12,-195],[-294,-152],[-185,0],[-162,172],[-1177,360],[-329,66],[-382,-46],[-127,-235],[-426,-185],[-306,139],[-162,-129],[-121,96],[-356,-83],[-288,99],[-256,-142],[-103,83],[-238,-26],[-224,72],[-226,-39],[-215,-139],[-668,30],[-352,-165],[-301,-70],[-182,63],[-344,-132],[-141,-145],[-321,-53],[-812,-264],[-185,-199],[56,-108],[-191,-66],[-39,-172],[-561,-221],[-112,-232],[-280,7],[-94,122],[-362,-198],[27,-205],[-318,-188],[-144,-310],[-23,-221],[-165,-175],[-162,-20],[-97,-175],[-306,-43],[-159,-132],[30,-241],[-192,-86],[-282,92],[188,129],[124,558],[176,294],[259,238],[38,350],[-297,-80],[-170,136],[223,208],[94,-106],[306,387],[-120,277],[235,178],[-135,215],[-24,214],[-326,-89],[-1015,136],[-297,82],[-288,-86],[-556,146],[-374,-50],[-474,274],[-100,258],[-276,115],[-285,218],[-403,46],[-421,-69],[-527,-234],[45,-364],[-324,0],[-71,90],[-194,-73],[74,-241],[-47,-155],[-315,92],[-121,165],[-170,-36],[-18,-178],[-415,-73],[-61,-96],[-456,-82],[-89,-152],[-423,-122],[-321,-129],[-41,-419],[-253,-225],[-282,172],[-150,-86],[-136,109],[-420,-53],[-12,244],[-171,126],[-103,218],[-276,3],[-182,-102],[100,-271],[-50,-373],[-406,-126],[-400,-39],[-386,-215],[-229,-26],[-330,-162],[-408,49],[-339,301],[-120,-225],[-277,27],[71,122],[-215,168],[-168,-317],[-220,-62],[-353,33],[-62,125],[68,241],[-250,-69],[-44,-119],[-851,139],[-329,-30],[-232,56],[-192,-69],[-132,-228],[-744,261],[-665,-162],[-474,-17],[-414,-122],[-294,-26],[-636,-251],[-194,-225],[-285,165],[-389,106],[-123,-89],[-291,59],[-492,-26],[133,353],[-180,14],[-82,-119],[-344,52],[82,-178],[-26,-284],[-286,10],[-85,202],[-265,118],[-250,-287],[-226,169],[-200,-66],[56,-126],[370,-86],[-141,-343],[-306,-93],[-556,-330],[-303,43],[-247,-185],[71,-294],[506,47],[-388,-317],[-471,49],[-97,-244],[-297,-261],[100,-93],[-524,-33],[-244,-132],[-285,37],[-1012,-159],[-288,-132],[-521,-102],[-509,-274],[-1009,-344],[-471,-412],[-64,-357],[953,-218],[700,116],[209,-136],[-315,-171],[1653,-109],[132,-162],[-1529,-56],[-1033,-245],[-523,0],[-521,-264],[-473,103],[-606,-179],[-577,-373],[-44,-172],[-750,-191],[29,238],[-676,132],[-662,-40],[-1109,-188],[-818,-340],[-491,-307],[-597,82],[-327,443],[-900,168],[65,182],[618,10],[323,175],[-767,23],[-1333,297],[-321,208],[-1029,-175],[-500,545],[150,112],[-121,234],[-1270,63],[-598,238],[-176,198],[162,63],[835,-301],[706,60],[97,178],[-1041,314],[138,69],[827,-112],[776,-132],[350,79],[253,251],[-891,132],[-444,337],[385,99],[1230,-119],[491,53],[-65,122],[1100,244],[847,334],[36,145],[-168,112],[824,344],[-189,145],[174,195],[9,181],[168,50],[-159,215],[3,366],[-150,92],[117,228],[-97,76],[53,198],[-91,162],[-206,56],[179,129],[-285,83],[103,185],[-144,118],[38,195],[-159,76],[-132,238],[65,63],[-256,161],[-127,-115],[-182,69],[-150,297],[123,241],[-70,60],[200,214],[-27,73],[315,66],[-12,357],[792,79],[-86,119],[-147,-119],[-141,119],[124,208],[-77,132],[321,165],[303,347],[315,92],[208,307],[300,112],[-82,139],[-244,-139],[-203,-42],[-138,-179],[-144,7],[-268,-109],[-24,-139],[-141,-56],[-185,-215],[-106,30],[-156,-244],[-221,69],[-29,-181],[82,-86],[-261,-119],[-53,-112],[-247,-116],[17,-125],[-241,-142],[15,-393],[-318,89],[35,-205],[236,0],[-89,-376],[-20,-314],[73,-158],[-214,-202],[-359,3],[126,-142],[-32,-204],[147,-142],[150,-380],[-59,-244],[244,-367],[-212,-413],[-773,-254],[-774,-82],[-285,-152],[-324,53],[-279,-113],[-118,152],[-567,103],[-250,181],[-462,-132],[20,-251],[-232,-89],[-965,287],[-68,113],[-323,-119],[-491,145],[138,228],[-247,-30],[-47,-191],[-509,-106],[-235,63],[-448,6],[-806,-69],[-347,152],[-847,26],[-329,-43],[-38,159],[-265,36],[-106,-79],[153,-254],[865,-33],[-30,-205],[-359,-20],[-479,102],[-9,-151],[371,-80],[53,-277],[350,13],[70,-247],[156,-24],[-32,-188],[-465,-72],[-126,158],[-483,36],[-947,-138],[-829,102],[-530,-3],[418,337],[-430,208],[-76,-248],[106,-102],[-759,-113],[123,152],[-32,264],[144,47],[-218,171],[-255,-129],[79,-208],[-515,-49],[-397,139],[-235,-53],[29,-109],[-806,-103],[-635,-13],[-71,53],[-500,-26],[-314,46],[-759,-132],[-589,86],[-491,-93],[-182,159],[-230,46],[-100,-106],[-303,0],[-82,-237],[-688,16],[-465,-251],[-341,93],[-450,-99],[-21,-106],[-568,-63],[-70,-234],[-483,138],[-400,-191],[712,0],[412,-271],[53,-310],[-653,10],[-618,-198],[-426,221],[-371,-27],[-191,119],[-774,103],[-212,-159],[-344,33],[-88,-317],[465,-215],[785,0],[-165,-112],[-497,-119],[433,-204],[667,-80],[589,-211],[741,-122],[-294,-195],[-547,-66],[159,-155],[338,-36],[385,-182],[-2450,-129],[-168,-112],[571,-76],[362,-142],[-309,-122],[629,-324],[-700,-142],[-691,-327],[-1283,-72],[-811,178],[-1565,3],[594,-185],[138,-138],[715,16],[459,-445],[2282,-156],[-100,-218],[-1900,189],[-1438,56],[-65,76],[-2788,188],[-474,-26],[0,188],[0,277],[0,277],[0,274],[0,278],[0,277],[0,278],[0,277],[0,277],[0,278],[0,277],[0,277],[0,278],[0,274],[0,277],[0,277],[0,278],[0,277],[0,277],[0,278],[0,277],[0,278],[0,274],[0,277],[0,277],[0,278],[0,277],[0,277],[0,278],[0,277],[0,277],[0,278],[0,274],[0,277],[0,278],[0,277],[0,277],[0,278],[0,277],[0,277],[0,278],[0,274],[0,277],[0,277],[0,278],[0,277],[0,277],[0,278],[0,277],[0,278],[0,277],[0,274],[0,277],[0,278],[0,277],[0,277],[0,278],[0,277],[0,277],[0,278],[0,274],[0,277],[0,278],[0,277],[0,277],[0,278],[0,277],[0,277],[0,278],[0,277],[0,274],[0,277],[0,278],[0,277],[0,277],[0,278],[0,277],[0,278],[0,277],[0,274],[0,277],[0,278],[0,277],[0,277],[0,278],[0,277],[0,277],[0,278],[0,277],[0,274],[0,278],[0,277],[0,277],[0,278],[0,277],[0,99],[0,178],[0,278],[0,277],[0,274],[0,277],[0,278],[0,277],[0,277],[0,278],[0,277],[0,278],[0,277],[0,277],[0,274],[0,278],[0,277],[0,277],[0,278],[0,277],[0,277],[0,278],[0,277],[0,274],[0,278],[0,277],[0,277],[0,278],[0,277],[0,277],[0,278],[0,277],[0,277],[0,274],[0,278],[0,277],[0,277],[0,278],[0,277],[0,278],[0,277],[0,132],[0,99],[0,46],[0,89],[0,30],[0,155],[0,20],[0,13],[0,245],[0,277],[0,277],[0,278],[0,277],[0,277],[0,278],[0,277],[0,277],[0,275],[0,277],[0,277],[0,278],[0,277],[0,277],[0,278],[0,277],[0,277],[0,274],[0,278],[0,277],[0,277],[0,278],[0,277],[0,278],[0,277],[0,277],[0,278],[0,274],[0,277],[0,277],[0,278],[0,138],[0,139],[0,277],[0,278],[0,277],[0,277],[0,275],[0,277],[0,277],[0,278],[0,277],[0,277],[0,278],[0,277],[0,277],[0,278],[0,274],[0,277],[0,277],[0,278],[0,277],[0,278],[0,277],[0,277],[0,278],[0,274],[0,277],[0,277],[0,278],[0,277],[0,277],[0,278],[0,277],[0,277],[0,278],[0,274],[0,277],[0,278],[0,277],[0,277],[0,278],[0,277],[0,277],[0,278],[0,274],[0,277],[0,277],[0,278],[0,277],[0,278],[0,277],[0,277],[0,278],[0,274],[0,277],[0,277],[0,278],[0,277],[0,277],[0,278],[0,277],[0,277],[0,278],[0,274],[0,277],[0,278],[0,277],[0,277],[0,278],[0,277],[0,277],[0,278],[0,274],[0,277],[0,277],[0,278],[0,277],[0,278],[0,277],[0,277],[0,278],[0,277],[0,274],[0,277],[0,278],[0,277],[0,277],[0,278],[0,277],[0,277],[0,278],[0,274],[0,66],[0,211],[0,278],[0,277],[0,277],[0,278],[0,277],[0,277],[0,278],[0,277],[0,274],[0,277],[0,278],[0,277],[0,278],[0,277],[0,277],[0,278],[0,277],[0,274],[0,277],[0,278],[0,277],[0,277],[0,278],[0,277],[0,277],[0,278],[0,277],[0,274],[0,278],[0,277],[0,277],[0,278],[0,277],[0,277],[0,278],[0,277],[0,274],[0,277],[0,278],[94,39],[106,274],[-124,83],[-11,178],[300,0],[-59,-102],[171,-264],[241,0],[123,92],[294,-115],[15,-225],[124,-125],[211,-27],[186,-171],[244,-96],[200,92],[-121,113],[33,148],[170,96],[-20,205],[453,112],[6,139],[173,95],[-73,116],[-336,234],[-100,156],[-262,-37],[-247,112],[-132,-69],[88,-330],[-350,165],[80,53],[-21,300],[-147,202],[-177,-13],[-370,316],[-100,0],[-341,301],[-321,129],[0,39],[0,278],[0,277],[0,277],[0,245],[182,-46],[392,72],[135,109],[-262,169],[-447,-4],[0,10],[0,277],[0,278],[0,277],[0,274],[0,278],[0,277],[0,277],[0,278],[0,277],[0,277],[0,278],[0,277],[0,277],[0,274],[0,278],[0,277],[0,278],[0,277],[0,277],[0,278],[0,277],[0,277],[0,274],[0,278],[0,277],[0,277],[0,278],[0,277],[0,277],[0,278],[0,277],[0,278],[0,274],[0,277],[0,277],[0,278],[0,277],[138,0],[139,0],[138,0],[141,0],[138,0],[138,0],[139,0],[138,0],[138,0],[141,0],[139,0],[138,0],[138,0],[138,0],[139,0],[138,0],[141,0],[138,0],[139,0],[138,0],[138,0],[138,0],[139,0],[141,0],[138,0],[138,0],[139,0],[138,0],[138,0],[141,0],[138,0],[139,0],[138,0],[138,0],[138,0],[139,0],[141,0],[138,0],[138,0],[139,0],[138,0],[138,0],[141,0],[139,0],[138,0],[138,0],[138,0],[139,0],[138,0],[141,0],[138,0],[139,0],[138,0],[138,0],[138,0],[139,0],[141,0],[138,0],[138,0],[138,0],[139,0],[138,0],[141,0],[138,0],[139,0],[138,0],[138,0],[138,0],[139,0],[141,0],[138,0],[138,0],[139,0],[138,0],[138,0],[138,0],[142,0],[138,0],[138,0],[138,0],[139,0],[138,0],[141,0],[138,0],[139,0],[138,0],[138,0],[138,0],[139,0],[141,0],[138,0],[138,0],[138,0],[139,0],[138,0],[141,0],[138,0],[139,0],[138,0],[138,0],[138,0],[139,0],[141,0],[138,0],[138,0],[139,0],[138,0],[138,0],[138,0],[142,0],[138,0],[138,0],[138,0],[139,0],[138,0],[141,0],[138,0],[138,0],[139,0],[138,0],[138,0],[138,0],[142,0],[138,0],[138,0],[138,0],[139,0],[138,0],[141,0],[138,0],[139,0],[138,0],[138,0],[138,0],[139,0],[141,0],[138,0],[138,0],[139,0],[138,0],[138,0],[138,0],[141,0],[139,0],[138,0],[138,0],[138,0],[139,0],[141,0],[138,0],[138,0],[139,0],[138,0],[138,0],[138,0],[142,0],[138,0],[138,0],[138,0],[139,0],[138,0],[138,0],[141,0],[139,0],[138,0],[138,0],[138,0],[139,0],[141,0],[138,0],[138,0],[139,0],[138,0],[138,0],[138,0],[141,0],[139,0],[138,0],[138,0],[138,0],[36,0],[103,0],[141,0],[138,0],[138,0],[139,0],[138,0],[138,0],[138,0],[142,0],[138,0],[138,0],[138,0],[139,0],[138,0],[138,0],[141,0],[139,0],[138,0],[138,0],[138,0],[139,0],[141,0],[138,0],[138,0],[138,0],[139,0],[138,0],[138,0],[141,0],[139,0],[138,0],[138,0],[138,0],[139,0],[141,0],[138,0],[138,0],[139,0],[138,0],[138,0],[138,0],[142,0],[138,0],[138,0],[138,0],[139,0],[138,0],[138,0],[141,0],[138,0],[139,0],[138,0],[138,0],[138,0],[142,0],[138,0],[138,0],[138,0],[139,0],[138,0],[138,0],[141,0],[139,0],[138,0],[138,0],[138,0],[139,0],[138,0],[141,0],[138,0],[139,0],[138,0],[138,0],[138,0],[142,0],[138,0],[138,0],[138,0],[139,0],[138,0],[138,0],[141,0],[138,0],[139,0],[138,0],[138,0],[138,0],[142,0],[138,0],[138,0],[138,0],[139,0],[138,0],[138,0],[141,0],[139,0],[138,0],[138,0],[138,0],[139,0],[138,0],[141,0],[138,0],[139,0],[138,0],[138,0],[138,0],[141,0],[139,0],[138,0],[138,0],[138,0],[139,0],[138,0],[141,0],[138,0],[139,0],[138,0],[138,0],[138,0],[142,0],[138,0],[138,0],[138,0],[139,0],[138,0],[138,0],[141,0],[139,0],[138,0],[138,0],[138,0],[139,0],[138,0],[141,0],[138,0],[138,0],[139,0],[138,0],[138,0],[141,0],[139,0],[138,0],[138,0],[138,0],[139,0],[138,0],[141,0],[138,0],[139,0],[138,0],[138,0],[138,0],[139,0],[141,0],[138,0],[138,0],[139,0],[138,0],[138,0],[141,0],[139,0],[138,0],[138,0],[138,0],[139,0],[138,0],[141,0],[138,0],[138,0],[139,0],[138,0],[138,0],[141,0],[139,0],[138,0],[138,0],[138,0],[139,0],[138,0],[71,0],[70,0],[138,0],[139,0],[138,0],[138,0],[138,0],[139,0],[141,0],[138,0],[138,0],[139,0],[138,0],[138,0],[141,0],[138,0],[139,0],[138,0],[138,0],[138,0],[139,0],[141,0],[138,0],[138,0],[139,0],[138,0],[138,0],[141,0],[139,0],[138,0],[138,0],[138,0],[139,0],[138,0],[141,0],[138,0],[139,0],[138,0],[138,0],[138,0],[139,0],[141,0],[138,0],[138,0],[139,0],[138,0],[138,0],[141,0],[138,0],[139,0],[138,0],[138,0],[138,0],[139,0],[141,0],[138,0],[138,0],[139,0],[138,0],[138,0],[138,0],[142,0],[138,0],[138,0],[138,0],[139,0],[138,0],[141,0],[138,0],[139,0],[138,0],[138,0],[138,0],[139,0],[141,0],[138,0],[138,0],[138,0],[139,0],[138,0],[141,0],[138,0],[139,0],[138,0],[138,0],[138,0],[139,0],[141,0],[138,0],[138,0],[139,0],[138,0],[138,0],[138,0],[142,0],[138,0],[138,0],[138,0],[139,0],[138,0],[141,0],[138,0],[138,0],[139,0],[138,0],[138,0],[138,0],[142,0],[138,0],[138,0],[138,0],[139,0],[138,0],[141,0],[138,0],[139,0],[138,0],[138,0],[138,0],[139,0],[141,0],[138,0],[138,0],[139,0],[138,0],[138,0],[138,0],[142,0],[138,0],[138,0],[138,0],[139,0],[138,0],[141,0],[138,0],[138,0],[139,0],[138,0],[138,0],[138,0],[142,0],[138,0],[138,0],[138,0],[139,0],[138,0],[138,0],[141,0],[139,0],[138,0],[138,0],[138,0],[139,0],[141,0],[138,0],[138,0],[139,0],[138,0],[138,0],[138,0],[141,0],[139,0],[138,0],[138,0],[138,0],[139,0],[141,0],[138,0],[138,0],[139,0],[138,0],[138,0],[138,0],[142,0],[138,0],[138,0],[138,0],[139,0],[138,0],[138,0],[141,0],[103,0],[36,0],[138,0],[138,0],[138,0],[139,0],[141,0],[138,0],[138,0],[138,0],[139,0],[138,0],[138,0],[141,0],[139,0],[138,0],[138,0],[138,0],[139,0],[141,0],[138,0],[138,0],[139,0],[138,0],[138,0],[138,0],[142,0],[138,0],[138,0],[138,0],[139,0],[138,0],[138,0],[141,0],[139,0],[138,0],[138,0],[138,0],[139,0],[141,0],[138,0],[138,0],[138,0],[139,0],[138,0],[138,0],[141,0],[139,0],[138,0],[138,0],[138,0],[139,0],[138,0],[141,0],[138,0],[139,0],[138,0],[138,0],[138,0],[142,0],[138,0],[138,0],[138,0],[139,0],[138,0],[138,0],[141,0],[138,0],[139,0],[138,0],[138,0],[138,0],[142,0],[138,0],[138,0],[138,0],[139,0],[138,0],[138,0],[141,0],[139,0],[138,0],[138,0],[138,0],[139,0],[138,0],[141,0],[138,0],[139,0],[138,0],[138,0],[138,0],[141,0],[139,0],[138,0],[138,0],[138,0],[139,0],[138,0],[141,0],[138,0],[139,0],[138,0],[138,0],[138,0],[142,0],[138,0],[138,0],[138,0],[139,0],[138,0],[138,0],[141,0],[139,0],[138,0],[138,0],[138,0],[139,0],[138,0],[141,0],[138,0],[139,0],[138,0],[138,0],[138,0],[141,0],[139,0],[138,0],[138,0],[138,0],[139,0],[138,0],[141,0],[138,0],[139,0],[138,0],[138,0],[138,0],[139,0],[141,0],[138,0],[138,0],[139,0],[138,0],[138,0],[141,0],[139,0],[138,0],[138,0],[138,0],[139,0],[138,0],[141,0],[138,0],[138,0],[139,0],[138,0],[138,0],[141,0],[139,0],[138,0],[138,0],[138,0],[139,0],[138,0],[141,0],[138,0],[139,0],[138,0],[138,0],[138,0],[139,0],[141,0],[138,0],[138,0],[139,0],[138,0],[138,0],[141,0],[138,0],[139,0],[138,0],[0,-277],[0,-278],[0,-277],[0,-277],[0,-274],[0,-278],[0,-277],[0,-278],[0,-277],[0,-277],[0,-278],[0,-277]],[[40763,96450],[-1512,-103],[-206,-257],[-897,178],[-1173,-178],[879,-311],[-635,-204],[-1415,264],[144,-198],[-224,-139],[-603,115],[-244,146],[-1159,-149],[-741,-162],[138,-171],[-200,-222],[-409,66],[-503,-132],[-94,-115],[-647,-244],[112,-156],[485,20],[124,-327],[-291,-198],[-868,-96],[-91,-102],[-897,-152],[-86,-205],[736,-333],[285,-56],[724,122],[-45,-175],[-441,10],[-706,-102],[-120,-113],[188,-105],[488,-76],[-203,-155],[336,-169],[370,-49],[47,151],[350,-125],[609,188],[724,-122],[320,-109],[430,-257],[-71,-109],[439,-274],[191,-245],[-153,-92],[288,-175],[-100,-139],[218,-135],[-62,-179],[221,-191],[-124,-126],[65,-138],[-283,-317],[171,-169],[371,33],[129,195],[341,-115],[200,-149],[-197,-99],[371,-248],[-21,-148],[-156,6],[-250,149],[-423,69],[-168,-62],[206,-185],[168,-17],[250,-165],[491,-43],[-144,-469],[-18,-303],[-371,-50],[-167,-99],[176,-76],[315,56],[26,-119],[-379,70],[-306,-212],[-41,-353],[153,-267],[-97,-109],[-9,-202],[338,-350],[-32,-105],[191,-275],[-76,-79],[-3,-238],[138,30],[91,192],[238,33],[-58,-152],[-209,-198],[-27,-222],[115,-105],[21,-172],[126,27],[77,-162],[2,-248],[209,-135],[112,-155],[-56,-113],[227,-317],[91,-6],[73,-188],[136,52],[167,-79],[130,132],[188,-148],[-3,-99],[221,-149],[-71,-63],[165,-122],[168,109],[235,-59],[-47,198],[94,59],[73,416],[106,185],[-26,674],[185,3],[100,340],[244,149],[-70,244],[103,142],[-183,254],[112,149],[197,3],[30,241],[450,33],[64,168],[215,-95],[230,132],[85,-43],[135,198],[221,13],[397,519],[38,165],[427,307],[467,16],[418,179],[359,52],[429,182],[715,584],[-129,106],[-486,165],[-282,-119],[-115,159],[-415,-63],[59,350],[444,-13],[362,188],[239,-129],[91,-261],[162,-95],[267,3],[215,165],[-56,416],[-200,-16],[9,244],[-662,314],[53,115],[-229,93],[129,135],[-262,66],[197,149],[362,69],[465,-192],[491,109],[-41,245],[-488,99],[188,208],[394,3],[271,-99],[111,119],[-429,112],[-65,83],[368,218],[-15,284],[-126,290],[-447,-20],[-71,202],[359,201],[488,-105],[121,250],[-1012,261],[297,492],[538,324],[-170,132],[100,178],[-318,99],[244,208],[841,-23],[286,241],[1117,449],[-703,195],[-711,-33],[-183,-188],[-1141,59],[-38,314],[-500,-33],[-33,-129],[-388,-6],[226,277],[403,33],[306,158],[-873,152],[-324,222],[-1388,168],[-724,7]],[[76396,95139],[-550,-142],[-85,-268],[-229,-26],[164,-172],[330,-89],[971,132],[-48,162],[256,96],[-600,327],[-209,-20]],[[76988,94528],[-795,-126],[-170,-201],[371,-291],[494,-29],[423,-113],[450,103],[-147,165],[186,287],[-245,149],[-567,56]],[[78379,94095],[-174,-16],[-632,-723],[1533,165],[108,261],[-329,178],[-347,16],[-159,119]],[[56491,93309],[-111,166],[-580,-96],[218,-93],[-206,-264],[353,37],[288,-136],[333,314],[-295,72]],[[69031,92751],[-435,-3],[-589,-257],[-520,-156],[-365,60],[-753,-248],[-206,-155],[-662,-238],[21,-175],[-203,-363],[-421,-241],[194,-165],[642,-119],[361,311],[174,323],[473,202],[156,224],[400,159],[1083,290],[603,215],[165,122],[-118,214]],[[69837,90737],[-129,106],[-277,-66],[85,-201],[342,62],[-21,99]],[[65625,90539],[50,142],[-415,109],[-494,-152],[-212,-241],[144,-66],[-141,-284],[-221,4],[-58,-123],[129,-231],[197,66],[344,-231],[6,-195],[321,-95],[209,39],[214,-89],[312,102],[-426,294],[-168,357],[-35,221],[103,268],[141,105]],[[66401,89146],[-164,-149],[308,-267],[253,3],[0,112],[-397,301]],[[43849,90084],[-147,115],[-133,268],[-370,-10],[35,-129],[509,-254],[106,10]],[[43181,90506],[385,-20],[142,-99],[211,109],[-373,99],[-365,-89]],[[43340,90589],[206,105],[-559,90],[-129,-126],[482,-69]],[[44158,91163],[241,40],[-300,162],[-191,-139],[250,-63]],[[54532,92543],[136,-6],[256,515],[129,-3],[224,544],[664,113],[36,102],[-715,168],[-18,156],[-447,280],[-347,40],[-212,-221],[-956,125],[-309,-155],[262,-452],[612,-298],[391,251],[150,-178],[-212,-125],[-403,-37],[218,-475],[185,-36],[356,-308]],[[54938,94521],[280,-231],[862,56],[-12,-66],[-615,-53],[329,-128],[445,16],[453,-122],[444,116],[50,128],[367,126],[24,135],[-653,126],[-697,-119],[-415,56],[-862,-40]],[[63798,94917],[-12,-118],[365,-57],[215,106],[-568,69]],[[68119,95076],[-750,-165],[168,-89],[641,132],[-59,122]],[[67240,94931],[-659,-23],[-3,-228],[379,-10],[286,115],[-3,146]],[[75240,94478],[489,-218],[306,142],[-795,76]],[[55950,93673],[-344,-66],[244,-162],[335,36],[-235,192]],[[42499,89172],[473,80],[-112,241],[-379,-109],[18,-212]],[[54959,88657],[-244,-125],[273,-99],[-29,224]],[[54591,88215],[-173,96],[-127,-83],[-59,-264],[344,119],[15,132]],[[45573,86944],[-168,3],[-59,-218],[-562,43],[-465,-89],[-2,-258],[-274,70],[47,92],[-197,231],[-241,106],[-262,-218],[-65,-221],[36,-149],[341,69],[114,-52],[-17,-380],[165,-297],[-168,-198],[318,16],[288,-195],[394,-79],[215,69],[26,119],[347,73],[344,251],[133,-20],[253,254],[129,221],[-23,208],[-186,90],[-111,211],[-286,99],[-64,149]],[[32259,83117],[-79,39],[-74,321],[-120,59],[-80,-274],[-114,-79],[29,-202],[-188,-356],[-427,-254],[-314,363],[-186,-17],[-85,334],[68,102],[-86,472],[47,198],[-126,99],[-135,-16],[-312,145],[-65,231],[-476,430],[-206,-129],[-327,10],[-529,178],[-183,-162],[59,-337],[94,-46],[-59,-290],[-97,-123],[192,-359],[50,-232],[-165,-175],[17,-109],[-200,-214],[39,-152],[367,-373],[136,-383],[23,-271],[-41,-393],[-162,-267],[-320,-314],[-356,-185],[59,-214],[135,-162],[-3,-552],[135,-373],[-26,-138],[-306,-400],[-15,-145],[-188,129],[-47,198],[-221,231],[-47,181],[-206,284],[50,172],[0,297],[-85,231],[62,337],[-71,172],[-409,102],[-188,-46],[-144,33],[-159,168],[-527,255],[-105,211],[-250,231],[-265,66],[-209,139],[-124,20],[-332,-136],[-88,46],[32,139],[-194,654],[-9,119],[-356,-10],[-103,162],[-3,353],[39,456],[235,475],[-41,73],[170,161],[68,212],[256,297],[32,115],[180,-49],[220,158],[-91,281],[224,46],[94,251],[303,-76],[194,116],[306,535],[-30,53],[-553,49],[-255,258],[73,85],[491,-340],[150,-3],[253,225],[171,237],[-212,86],[56,112],[279,27],[42,-155],[217,-66],[221,16],[188,198],[106,7],[188,228],[118,10],[79,260],[-235,241],[-71,156],[92,142],[208,115],[-129,169],[115,109],[-253,142],[-130,158],[-294,17],[-162,82],[-326,-49],[3,-251],[97,-205],[-144,-122],[-65,-373],[-173,-205],[-3,-135],[-262,-47],[-215,231],[-35,139],[162,169],[-62,264],[-256,237],[-203,-105],[-91,-370],[-168,36],[44,248],[-165,185],[168,152],[-379,10],[-297,105],[258,179],[-76,330],[-194,158],[-21,251],[-379,248],[-56,112],[-185,-30],[-77,-257],[-265,-106],[-47,-261],[150,-128],[-135,-156],[165,-294],[482,-250],[-112,-321],[303,-109],[-364,-294],[-165,20],[-68,-198],[144,-234],[-261,53],[32,482],[-109,-47],[-241,165],[-206,17],[-106,-277],[194,13],[159,-136],[-123,-102],[-224,122],[-653,20],[-68,-56],[-373,-13],[-294,158],[-312,13],[-33,113],[-200,66],[-117,284],[-147,23],[-556,-159],[-150,-191],[176,-60],[136,-435],[114,-146],[-35,-135],[-203,-10],[41,234],[-300,245],[-179,-4],[-115,162],[-191,-105],[-444,-76],[-400,6],[-350,60],[-18,188],[323,63],[33,82],[-174,175],[-294,142],[-173,-79],[-509,109],[-174,112],[-447,99],[-321,202],[-423,39],[-62,-191],[-350,-70],[100,198],[-265,10],[-253,-185],[-211,199],[-121,267],[-224,86],[-247,-363],[-503,218],[-123,-139],[-500,-129],[-86,-139],[-403,40],[-332,-96],[-62,-237],[-312,36],[-758,373],[-415,17],[-506,260],[-568,-69],[-168,99],[-344,-3],[-617,191],[-586,-39],[-279,62],[35,169],[-270,39],[-230,-76],[-300,185],[-91,-142],[-147,60],[123,115],[-332,70],[-341,-261],[-350,-46],[-565,-278],[-188,14],[-259,-271],[-186,-373],[-202,-106],[-524,-30],[-88,-287],[667,-413],[127,-287],[350,-59],[165,33],[-9,-192],[109,-96],[164,76],[30,-165],[-230,43],[-200,281],[-88,-33],[297,-357],[-76,-138],[-556,69],[-38,267],[-203,-33],[-730,-363],[-203,-172],[188,-105],[289,-70],[-109,-118],[156,-265],[320,-76],[194,80],[303,29],[177,-76],[147,119],[182,30],[174,-73],[-103,-145],[106,-353],[-180,-159],[-223,47],[-100,-149],[-209,-139],[-221,129],[-123,-73],[-150,-340],[-159,-224],[26,-145],[-164,-142],[162,-251],[276,-119],[-191,-195],[91,-132],[235,-195],[12,-89],[280,16],[244,93],[138,-294],[-88,-149],[129,-350],[335,261],[177,-89],[185,-271],[74,218],[356,-195],[-56,-498],[-168,-139],[-185,-284],[-212,-125],[-173,-169],[-42,-227],[-261,49],[-215,-145],[-227,-330],[74,-93],[229,106],[94,271],[95,-142],[97,89],[126,-13],[253,214],[315,93],[-24,165],[177,76],[-9,95],[371,185],[64,238],[265,175],[341,271],[24,155],[226,208],[-123,112],[-133,-20],[30,192],[282,185],[124,284],[241,386],[303,218],[56,-155],[-268,-175],[38,-99],[-167,-420],[170,-125],[-173,-79],[59,-139],[144,23],[232,149],[274,304],[217,-37],[171,271],[-109,208],[221,92],[241,27],[65,-188],[76,26],[259,-208],[365,-205],[311,63],[230,-46],[376,-178],[215,62],[112,-241],[321,-168],[320,-380],[212,-56],[444,56],[191,-132],[142,-248],[5,-297],[189,-89],[111,-231],[183,-228],[23,-172],[153,57],[83,-152],[-50,-317],[35,-175],[156,-89],[-24,-179],[115,-105],[-15,-116],[212,-307],[109,50],[112,-195],[32,-172],[85,-40],[-56,-204],[145,-73],[3,-568],[214,-228],[47,70],[189,-53],[0,-152],[129,-79],[103,29],[203,-142],[-35,-155],[91,-102],[100,40],[23,-179],[227,-132],[-18,-86],[118,-62],[97,-241],[-27,-116],[89,-215],[-71,-128],[-91,181],[-347,53],[-147,109],[-44,-112],[85,-238],[91,-555],[53,-33],[-44,-181],[50,-476],[-50,-376],[-24,-525],[-108,-575],[29,-287],[62,-178],[41,-317],[-82,-654],[141,-238],[35,-508],[209,-360],[18,-132],[108,-139],[33,-327],[170,-214],[-44,-175],[183,-459],[179,-294],[0,-307],[47,-76],[238,-17],[112,-152],[115,-79],[70,20],[39,-165],[88,-7],[162,-218],[53,-125],[17,-228],[115,-396],[62,-73],[-15,-168],[103,-225],[-9,-105],[74,-80],[6,-188],[59,-72],[38,-327],[203,-212],[259,-511],[-6,-139],[-124,-241],[-118,36],[-20,-69],[138,-172],[6,-92],[185,-162],[50,-122],[118,36],[41,-109],[200,-231],[65,-221],[6,-562],[35,4],[144,-251],[112,-122],[129,-235],[74,-79],[100,-373],[118,132],[14,251],[-56,49],[-41,231],[-114,156],[-92,-73],[-47,188],[21,142],[-100,357],[-80,185],[-2,162],[-68,346],[-127,155],[-100,327],[-111,165],[-18,311],[-74,46],[-23,132],[-103,116],[-18,168],[-162,274],[-50,20],[-76,224],[-15,420],[-47,122],[27,363],[176,-178],[59,59],[109,-168],[138,-79],[-20,-192],[70,-211],[53,-291],[118,-320],[29,-205],[188,-323],[62,-182],[185,-119],[0,-214],[83,-169],[103,-49],[17,-146],[92,-26],[76,-142],[6,-129],[-59,-261],[112,-181],[256,-192],[35,-264],[103,-106],[162,-264],[168,-416],[176,-330],[47,-380],[59,-194],[62,-63],[-12,-238],[-59,-109],[59,-129],[-127,-125],[48,-208],[141,-370],[288,-274],[132,-300],[365,-235],[106,-13],[44,-122],[177,-231],[282,-192],[71,-99],[247,-112],[300,-304],[141,-26],[197,-152],[88,13],[224,162],[162,251],[197,-113],[361,-581],[165,-350],[135,-204],[124,-126],[168,-13],[211,-149],[39,-76],[156,-29],[129,-126],[238,-49],[86,125],[91,-208],[-100,-76],[235,-363],[85,-254],[159,-251],[83,-383],[-68,-149],[65,-247],[135,-166],[79,119],[-76,96],[15,99],[97,-115],[32,-215],[115,-63],[162,-241],[-33,-228],[47,-99],[118,-43],[50,-82],[191,69],[159,-119],[38,-204],[97,-86],[38,132],[65,-347],[112,13],[121,119],[-36,162],[-88,158],[-3,103],[194,201],[12,146],[94,99],[106,-33],[141,-182],[3,-106],[85,-82],[-67,-122],[38,-215],[168,-353],[-6,-76],[100,-208],[-38,-198],[64,-222],[-44,-181],[30,-396],[-36,-413],[71,-86],[-124,-512],[-53,-112],[-129,-102],[-118,-199],[36,-224],[-77,23],[-47,-102],[56,-99],[-38,-165],[-139,-53],[-164,-129],[-6,-436],[-121,-241],[21,-122],[-32,-159],[-103,-99],[47,-155],[-30,-152],[30,-270],[-56,-73],[173,-264],[124,122],[41,-43],[-62,-350],[-109,-96],[-120,-188],[-133,-294],[-23,-244],[76,-192],[-38,-102],[94,-248],[-67,-234],[317,-396],[71,-179],[68,-336],[132,-281],[62,-215],[35,-251],[38,-72],[124,-644],[106,-324],[8,-201],[89,-112],[41,-136],[0,-185],[88,-128],[12,-99],[165,-486],[-15,-327],[97,-393],[106,-128],[106,-284],[312,-314],[94,-145],[373,-301],[68,-145],[168,-145],[35,-225],[129,-145],[171,-277],[-15,-182],[65,-720],[-21,-406],[39,-350],[-27,-129],[-38,-696],[-80,-106],[-8,-225],[32,-152],[-24,-409],[39,-456],[-59,-109],[6,-260],[-44,-549],[-47,-92],[14,-254],[-64,-182],[-9,-231],[-97,-320],[41,-192],[23,-350],[-108,-237],[2,-449],[71,-677],[-41,-354],[-56,-56],[38,-241],[-112,-347],[-8,-274],[-47,-254],[-115,-251],[-100,-637],[-56,-248],[-129,-112],[0,-198],[58,-208],[-23,-182],[88,-554],[-53,-238],[-82,-76],[-3,-314],[-62,-237],[53,-430],[153,-19],[68,165],[88,-132],[-62,-103],[80,-69],[-74,-139],[24,-403],[-98,-254],[39,-86],[-86,-307],[165,-175],[-12,-152],[-188,-148],[56,-152],[-85,-89],[-6,-228],[-65,-202],[-109,241],[-147,-23],[-209,-449],[327,-72],[85,-155],[-103,-90],[-115,-270],[286,-40],[32,-145],[-256,46],[88,-287],[-52,-70],[-21,-261],[59,-561],[-121,-72],[133,-142],[23,-403],[94,-20],[-32,-215],[70,-43],[21,-287],[-32,-218],[129,-26],[-44,-205],[53,-125],[515,-354],[85,37],[59,601],[85,3],[385,287],[200,-92],[-147,402],[-64,374],[82,359],[288,209],[77,521],[123,188],[180,152],[173,255],[27,412],[-65,76],[-223,33],[-177,245],[-56,224],[82,304],[74,148],[238,199],[156,-30],[-12,185],[130,191],[-33,387],[159,290],[121,76],[-185,126],[106,151],[82,-16],[59,-188],[135,72],[9,228],[-62,152],[-88,-201],[-203,132],[-59,115],[21,241],[-50,301],[64,165],[324,-248],[188,4],[212,155],[23,138],[-64,175],[47,245],[56,26],[17,228],[-73,79],[-21,251],[244,-109],[180,20],[500,158],[253,146],[156,155],[23,155],[127,254],[109,314],[-9,251],[-153,125],[-30,248],[59,135],[-106,261],[-176,146],[-88,128],[26,185],[85,-3],[86,-155],[156,16],[247,-257],[144,72],[117,-13],[121,-96],[177,146],[150,178],[79,307],[238,406],[68,337],[68,178],[-21,251],[79,231],[133,126],[17,238],[53,165],[183,19],[61,-75],[74,359],[65,205],[129,291],[162,208],[53,370],[-9,802],[-53,72],[100,380],[18,195],[56,-53],[97,261],[214,261],[24,73],[306,300],[218,142],[185,314],[82,-50],[74,73],[79,-96],[124,76],[309,-17],[11,235],[83,142],[194,185],[-30,237],[98,377],[105,191],[89,410],[88,191],[-3,499],[62,284],[100,181],[-21,288],[44,406],[53,327],[-56,650],[39,373],[-33,354],[56,115],[32,297],[59,-56],[0,-165],[130,211],[109,331],[108,429],[100,277],[139,152],[153,426],[76,112],[121,347],[94,558],[3,416],[-24,63],[-44,449],[-62,416],[-67,191],[-136,53],[-158,-43],[-171,119],[-41,119],[-77,49],[-247,492],[-47,24],[-194,274],[-174,188],[-144,33],[-232,-73],[-132,103],[-36,-57],[-141,47],[-71,105],[-208,122],[-6,-108],[-247,-7],[-18,-221],[-71,-37],[15,175],[65,278],[-33,195],[-120,191],[-168,122],[-76,-6],[-180,151],[-226,238],[-56,-66],[-91,60],[-91,-99],[-53,-294],[-39,16],[-91,-188],[-44,13],[-115,-165],[-164,40],[-112,-83],[-53,46],[-130,473],[-244,-294],[-3,135],[56,159],[6,161],[71,156],[50,214],[132,142],[132,360],[118,192],[-6,277],[-156,82],[-67,235],[-106,634],[3,280],[-121,311],[-115,82],[-294,482],[-147,70],[-144,145],[-203,79],[-300,-3],[-23,-96],[-286,116],[-50,-73],[-41,195],[-218,327],[-91,33],[-17,238],[-195,416],[-238,277],[-97,43],[-232,-13],[61,307],[56,82],[-182,281],[-121,3],[-173,182],[-91,142],[29,195],[-332,-70],[-230,-290],[-94,-33],[-206,102],[-117,231],[-212,-23],[-259,-79],[-82,63],[-42,303],[-132,182],[-112,46],[-100,-36],[-59,304],[-50,102],[-76,-182],[29,-151],[-91,-195],[-97,-30],[-153,-155],[-35,-195],[138,-449],[-3,-218],[-126,-175],[-68,40],[6,128],[-109,261],[138,350],[-6,327],[-79,188],[-6,116],[162,92],[70,189],[-35,128],[-126,76],[-130,-125],[-26,-195],[-138,-106],[-148,-224],[-241,30],[-56,-317],[-41,112],[-94,73],[-185,-291],[-41,-489],[11,-138],[-126,-63],[-50,-185],[-191,-258],[47,-82],[-18,-145],[-176,297],[-153,307],[-150,119],[-298,95],[-76,-168],[-388,-291],[-262,129],[-29,215],[-115,145],[-174,396],[-132,555],[59,132],[-50,142],[61,281],[36,13],[-24,495],[38,370],[68,241],[-29,211],[32,123],[-50,135],[-168,36],[-91,284],[-103,-20],[-94,119],[-135,-66],[-115,63],[-120,-112],[-151,-10],[-235,89],[-117,-132],[-83,96],[-50,-56],[-79,75],[47,189],[109,161],[17,588],[53,301],[6,211],[82,-53],[48,340],[-39,330],[77,149],[6,172],[158,370],[39,171],[-74,225],[-65,-70],[-247,96],[-276,-139],[-185,-46],[-159,-158],[-36,-258],[3,-340],[-64,-129],[-6,-175],[-56,-119],[-138,-155],[44,-82],[-77,-159],[-88,-6],[-56,148],[-170,-46],[-50,-86],[-162,-13],[-91,-89],[-195,-76],[-94,211],[-111,103],[-180,3],[-32,191],[-86,142],[-50,307],[-191,433],[-141,548],[-65,551],[42,192],[-9,162],[32,696],[56,370],[79,301],[-106,713],[103,462],[45,112],[226,304],[168,99],[123,155],[112,268],[194,86],[238,49],[256,-132],[39,126],[82,39],[144,-297],[171,-96],[79,126],[91,-36],[36,105],[132,-135],[38,-109],[91,63],[-50,115],[-85,20],[-59,139],[30,132],[-227,148],[59,136],[144,-119],[238,138],[103,-56],[156,56],[91,-82],[159,135],[36,-62],[167,49],[62,-106],[135,-105],[74,-235],[117,20],[174,205],[162,-99],[182,-413],[62,0],[44,-152],[-6,-251],[-53,-323],[127,-40],[-68,-198],[91,-327],[130,-244],[11,-175],[112,-136],[88,-406],[183,73],[79,360],[30,505],[-97,475],[-97,393],[-53,387],[-89,369],[-70,446],[0,297],[62,113],[-27,92],[47,155],[144,274],[-32,60],[223,165],[224,314],[71,254],[103,129],[182,49],[103,284],[176,149],[106,-4],[50,93],[-61,125],[44,185],[70,-63],[115,165],[-71,707],[-85,56],[-29,122],[44,119],[0,251],[-68,274],[-18,212],[36,303],[70,-3],[-32,-495],[109,-60],[62,-234],[-74,-178],[32,-66],[203,498],[3,248],[-88,142],[-12,145],[194,-145],[153,383],[62,323],[-88,96],[179,284],[239,145],[264,27],[327,145],[32,132],[-50,218],[-91,83],[79,165],[-26,89],[76,254],[159,324],[141,-4],[118,113],[68,237],[203,-53],[244,146],[91,231],[274,82],[411,278],[-41,-165],[212,-10],[-115,-159],[-79,66],[-97,-49],[-238,-228],[-136,-347],[24,-201],[129,-136],[227,185],[138,278],[18,125],[156,-56],[47,76],[688,350],[-112,254],[-276,-36],[-77,82],[-150,-23],[-144,93],[-41,162],[-156,33],[-109,360],[-82,115],[109,324],[-62,95],[-168,-99],[-88,291],[185,-102],[265,227],[47,116],[-38,185],[-186,142],[-167,26],[-291,-79],[-442,-267],[-235,-228],[-412,-677],[-50,59],[71,172],[147,191],[241,549],[280,297],[188,26],[70,271],[130,168],[388,106],[506,-56],[185,46],[253,-40],[41,-72],[245,86],[226,-7],[297,324],[12,125],[126,145],[212,86],[200,-23],[86,126],[270,254],[-103,363],[71,36],[-15,301],[-173,231],[-177,-26],[-65,221],[-182,56],[-59,-96],[-176,-69],[-47,-126],[-283,-132],[-17,155],[176,40],[241,126],[115,168],[141,10],[65,152],[-409,115],[-29,169],[-136,-53],[-276,109],[50,277],[-171,63],[-112,195],[-103,56],[-41,175],[141,208],[-167,115],[38,86],[-68,291],[-144,178],[-9,159],[-347,614]],[[49058,82572],[-288,-59],[-156,59],[-138,-429],[-88,-7],[0,-274],[55,-40],[-111,-369],[170,-83],[-59,-115],[33,-341],[138,126],[103,-211],[-153,-268],[12,-89],[323,-43],[262,-469],[-12,-274],[-303,-115],[27,-380],[-38,-149],[-247,-142],[38,-237],[144,85],[38,-105],[121,36],[220,-231],[-323,-10],[-91,-211],[-247,-344],[294,99],[206,-79],[50,198],[164,83],[106,-79],[327,115],[138,-36],[179,53],[124,-43],[300,211],[18,145],[-242,10],[286,373],[53,225],[-36,162],[-103,85],[-194,20],[-220,588],[41,50],[-135,201],[-150,83],[-118,300],[-29,234],[-145,182],[-135,79],[-185,-43],[300,496],[129,333],[-47,116],[-320,-7],[-233,76],[-26,79],[220,198],[-47,182]],[[34589,77738],[-165,46],[-20,80],[-165,-73],[256,505],[115,360],[-195,-30],[-170,-115],[-74,-245],[-88,-128],[-259,-766],[-156,-393],[83,-60],[-250,-320],[79,-178],[297,79],[350,-93],[241,70],[39,-112],[164,0],[-85,-175],[65,-126],[109,258],[94,3],[82,214],[59,20],[35,-231],[-85,-280],[153,56],[120,-195],[77,86],[41,287],[-129,175],[56,172],[-62,46],[-103,-254],[-56,82],[59,258],[123,102],[-11,112],[-142,-19],[-26,254],[106,145],[-162,132],[-141,30],[-56,-119],[-132,-30],[17,159],[-170,-20],[-36,115],[118,116]],[[33233,75915],[-68,215],[-261,-551],[58,-264],[262,42],[147,162],[15,129],[-171,66],[18,201]],[[32571,75529],[100,195],[-226,69],[-250,195],[-89,-53],[218,-257],[212,-47],[35,-102]],[[32709,77259],[150,17],[-50,142],[-414,264],[-209,66],[150,-310],[373,-179]],[[47202,78679],[200,-82],[183,85],[620,380],[130,363],[-65,377],[12,185],[176,178],[-41,294],[-112,214],[-182,-19],[-135,99],[-289,-109],[-109,-301],[80,-82],[-50,-126],[-356,46],[-71,-56],[133,-228],[-147,-151],[35,-90],[209,-132],[-183,-597],[-91,-47],[53,-201]],[[48093,82176],[142,66],[3,237],[-171,-128],[26,-175]],[[29927,72868],[-94,-96],[-256,-40],[-106,-72],[70,-106],[215,83],[221,132],[-50,99]],[[45720,65587],[-83,60],[-23,-179],[59,-62],[47,181]],[[45378,65561],[77,205],[-153,-14],[76,-191]],[[28465,63316],[-41,185],[-65,-109],[26,-129],[80,53]],[[28330,63484],[79,112],[-3,126],[-121,122],[-44,-139],[89,-221]],[[28571,62025],[-100,122],[-109,6],[-47,116],[-200,168],[-127,-6],[-217,317],[-71,-20],[-94,99],[-138,-30],[-47,60],[-259,29],[-100,-79],[-186,-33],[-173,-135],[-118,-149],[-64,-241],[29,-142],[118,86],[20,126],[141,6],[177,284],[250,-10],[53,-119],[-38,-155],[232,-73],[132,0],[68,-92],[282,-188],[136,49],[44,-82],[29,-248],[121,-185],[200,4],[73,-142],[-182,-337],[415,76],[238,-63],[159,86],[153,20],[15,132],[-80,26],[-76,149],[-174,62],[-50,156],[-271,138],[-164,212]],[[29765,61077],[-162,-89],[6,-79],[109,-20],[79,-99],[-23,-192],[135,-224],[-12,-83],[-106,-53],[-294,63],[-97,66],[-91,-129],[179,-175],[130,80],[135,-66],[227,56],[114,-159],[68,-195],[135,367],[62,92],[41,-125],[106,16],[83,132],[285,-52],[53,-93],[85,248],[-106,172],[-241,72],[-82,301],[-112,13],[-194,155],[-138,-16],[-148,-116],[-226,132]],[[31312,60202],[18,-221],[206,13],[76,-36],[100,56],[68,112],[-112,132],[-309,33],[-47,-89]],[[28527,59882],[126,112],[150,-66],[-12,158],[-150,139],[-282,63],[-79,-36],[32,-142],[97,-192],[118,-36]],[[27056,61969],[-27,188],[-106,-23],[68,-222],[65,57]],[[33033,56015],[-144,-46],[38,-248],[74,-125],[55,36],[-23,383]],[[36322,49917],[-115,-53],[-197,76],[-62,-46],[-53,-261],[-9,-426],[112,-225],[97,70],[65,-63],[88,129],[79,-20],[106,99],[0,129],[83,178],[32,350],[-226,63]],[[35769,49534],[-3,165],[-74,-36],[-47,-132],[-29,-337],[97,145],[56,195]],[[36180,50198],[-170,-80],[17,-112],[83,-36],[85,145],[-15,83]],[[82215,30651],[185,-122],[288,0],[194,79],[27,105],[126,149],[92,-40],[88,208],[118,123],[426,59],[215,-59],[214,26],[124,-33],[118,205],[47,247],[164,122],[409,374],[139,-47],[167,23],[203,106],[271,218],[323,66],[189,-16],[97,69],[97,-73],[194,-237],[159,42],[97,-132],[91,47],[97,-73],[124,-192],[-56,-69],[56,-251],[150,-105],[6,-156],[97,-145],[67,-456],[50,-92],[77,63],[14,128],[186,354],[173,138],[62,284],[127,195],[32,-198],[-59,-63],[35,-148],[-135,-354],[-3,-419],[-115,10],[39,-191],[141,36],[100,485],[138,-241],[-29,-340],[-71,-175],[215,73],[147,-202],[106,-402],[-50,-185],[17,-126],[174,-389],[97,-106],[118,-30],[111,-172],[39,86],[200,-46],[317,-274],[142,208],[188,178],[209,-46],[26,-231],[97,-135],[71,82],[194,63],[197,314],[200,142],[327,19],[141,162],[-24,317],[65,337],[3,238],[112,376],[61,126],[42,366],[100,208],[8,208],[145,396],[76,40],[121,195],[-9,158],[118,377],[41,326],[-27,90],[94,574],[3,208],[77,254],[-6,334],[-41,254],[-106,277],[41,146],[-35,426],[32,185],[-85,145],[6,221],[-65,27],[-77,274],[-70,72],[-103,330],[-65,-3],[-203,343],[3,397],[-100,99],[-115,211],[-67,-132],[-56,73],[-35,294],[-71,349],[-103,142],[-56,152],[53,116],[-162,149],[3,66],[-164,75],[-65,238],[-88,-6],[-192,194],[-47,103],[18,195],[-85,145],[32,350],[-103,416],[-103,244],[18,215],[-33,86],[-35,594],[-153,155],[-62,172],[-138,-139],[-47,53],[-71,360],[18,129],[-44,505],[-100,158],[35,192],[-91,73],[0,254],[-35,231],[-83,145],[-76,-119],[-12,-228],[-47,-260],[-103,-400],[62,-30],[-65,-218],[33,-148],[-47,-182],[14,-280],[-17,-228],[41,-294],[-80,-515],[15,-66],[-65,-357],[-32,-56],[-71,-360],[-88,-102],[-141,-40],[-203,198],[-65,241],[-238,123],[-121,247],[-108,70],[-100,145],[-65,-20],[-138,198],[-6,66],[-215,264],[-26,132],[147,288],[-6,482],[156,59],[53,145],[-42,60],[71,208],[-82,297],[-74,-139],[21,-138],[-144,72],[-39,195],[-106,-191],[-394,326],[-50,-66],[-120,66],[-68,202],[-74,-86],[-91,201],[-117,-99],[44,-109],[79,47],[62,-103],[9,-234],[-159,-149],[-41,50],[-115,-43],[-135,69],[-62,-145],[-118,-132],[-61,-149],[38,-211],[-121,-106],[-32,-280],[-62,-43],[-38,-175],[62,-89],[-30,-205],[-362,132],[-229,442],[-144,-46],[-74,-115],[-20,118],[-192,-254],[-150,-76],[-17,-198],[-77,-241],[-126,-59],[-27,-119],[59,-228],[-50,-129],[-226,96],[3,-284],[47,-119],[-56,-267],[-47,16],[-68,291],[-73,165],[-33,-139],[-56,-16],[-111,-261],[5,-380],[36,-115],[-189,-314],[-35,-198],[-156,-311],[-197,-151],[-188,-93],[-138,50],[-65,-156],[-194,-56],[-112,-165],[-106,-39],[-56,76],[-126,-37],[-133,-102],[-211,-373],[-227,-182],[-76,-353],[-71,0],[-9,168],[-120,-224],[47,-261],[-18,-258],[-94,-297],[6,-271],[76,-326],[153,-400],[-44,-337],[-59,60],[-70,-136],[-53,215],[-56,-23],[215,-598],[41,-439],[103,-231],[11,-145],[71,-172],[41,-215],[-3,-409],[59,-340],[138,-456],[18,-449],[-38,-112],[29,-340],[-76,-182],[-133,-46],[42,-370],[141,-56],[100,-211]],[[62686,35835],[156,165],[150,26],[88,102],[133,621],[91,760],[85,383],[100,676],[141,839],[80,357],[41,422],[-21,212],[115,406],[0,171],[-44,126],[-12,264],[71,66],[38,-241],[53,-63],[71,294],[0,136],[-68,254],[-27,531],[-55,416],[-100,208],[-12,156],[-94,128],[-59,-102],[-9,-267],[-59,-334],[-232,-105],[38,-268],[-94,-158],[12,-129],[-80,-33],[-112,-307],[-50,-7],[-182,-267],[-188,-139],[-77,20],[-114,-169],[-112,24],[-6,-288],[-135,-419],[23,-175],[6,-363],[56,-212],[-6,-138],[71,-261],[-3,-215],[-62,-257],[-97,-284],[-27,-188],[-94,-103],[-67,-469],[35,-320],[112,-347],[-33,-102],[18,-426],[91,-330],[94,-145],[130,-47],[82,-135],[150,50]],[[65995,38895],[-58,-152],[0,-135],[82,13],[35,142],[-59,132]],[[65442,38400],[-85,-16],[18,-205],[129,-27],[12,93],[-74,155]],[[86468,43485],[53,188],[-53,106],[-76,-86],[-121,-27],[-23,-138],[135,-155],[85,112]],[[87965,42412],[-58,-103],[-3,-208],[50,-36],[44,238],[-33,109]],[[84133,43931],[150,168],[-24,73],[-126,-241]],[[91633,44211],[92,-158],[38,188],[-44,152],[-71,16],[-88,245],[-109,76],[6,270],[-135,-59],[-56,40],[-36,204],[-53,53],[-29,291],[-115,62],[-38,129],[-118,175],[-55,241],[5,119],[242,27],[-6,198],[-106,208],[-112,13],[-162,188],[-203,99],[21,310],[-130,261],[-79,27],[-150,294],[-144,13],[-144,208],[-124,33],[-270,165],[-283,261],[-259,152],[-91,-20],[-309,314],[-244,168],[-179,-168],[23,-159],[-129,-96],[-100,17],[-38,-192],[-83,-119],[-17,-115],[-121,-211],[-135,19],[-80,205],[-11,221],[-130,103],[-29,386],[56,185],[-86,347],[-162,0],[-191,201],[-167,-59],[-62,-119],[-177,-76],[3,-146],[-82,-201],[171,-20],[88,-96],[50,-250],[76,-93],[97,-20],[168,56],[179,-49],[-94,-132],[-120,63],[-121,-218],[-115,-76],[168,-337],[-56,-73],[68,-237],[82,33],[38,184],[68,119],[85,-185],[133,-36],[109,-198],[111,-112],[206,-30],[239,-228],[150,-66],[153,-188],[97,-277],[55,-288],[98,-224],[-68,-76],[32,-139],[112,-205],[-71,-320],[21,-86],[85,119],[39,-69],[158,53],[162,-294],[97,-231],[71,-93],[85,37],[124,-37],[100,33],[117,-95],[209,204],[0,99],[-117,251],[170,50],[-12,119],[112,33],[168,201],[88,-96],[335,-171],[97,-291],[53,-228],[83,-56],[38,-188],[71,-43],[58,-188],[127,-159],[303,-39],[226,-103]],[[83453,44277],[109,116],[-97,251],[-147,195],[-218,-53],[-62,-103],[289,-234],[50,-129],[76,-43]],[[84415,44756],[-59,-96],[-47,-402],[85,-17],[83,106],[82,6],[268,489],[291,182],[162,155],[85,145],[-97,59],[-118,-99],[-38,37],[-350,-116],[-47,-162],[-103,-132],[-197,-155]],[[82541,44964],[162,86],[203,23],[159,132],[-15,178],[-150,30],[-38,-63],[-53,142],[-115,-66],[83,-135],[-53,-135],[-71,175],[-100,26],[-112,-125],[-9,-241],[109,-27]],[[82332,45024],[95,313],[-100,106],[-98,-136],[36,-237],[67,-46]],[[82009,45099],[23,109],[109,139],[-138,175],[-100,-76],[21,-152],[85,-195]],[[81782,45298],[15,350],[-126,118],[-200,-92],[-150,142],[-42,347],[-150,6],[-159,152],[-94,-39],[-64,161],[-71,-56],[-56,-247],[-312,39],[-206,63],[-17,155],[-91,135],[-33,-46],[-173,99],[-118,129],[-15,-92],[-138,26],[-123,86],[-48,-106],[-29,-247],[50,-169],[162,-92],[-47,-182],[41,-56],[247,-46],[77,-93],[179,-86],[59,70],[156,3],[259,-112],[123,-126],[332,-142],[33,63],[244,-106],[147,93],[250,-198],[88,96]],[[60992,46433],[-62,291],[-44,-17],[21,-208],[85,-66]],[[79038,46754],[23,194],[150,-165],[42,179],[79,-192],[50,-10],[35,756],[-26,129],[38,225],[-35,89],[70,231],[-17,158],[-62,60],[-47,257],[-206,66],[-59,139],[-59,278],[-20,277],[-150,0],[-130,172],[33,336],[82,60],[-21,178],[-97,126],[-79,-53],[-56,158],[-115,27],[-61,115],[-36,225],[-94,145],[-112,69],[-20,152],[-68,139],[-138,-76],[-97,307],[-127,261],[-403,502],[-8,191],[-59,70],[-41,188],[-115,201],[-65,-56],[-79,66],[-91,-30],[-145,37],[-67,125],[-133,79],[-58,-59],[0,-139],[61,-261],[280,-554],[91,-43],[235,-492],[15,-251],[244,-264],[80,-142],[-15,-103],[88,-485],[15,-195],[132,-95],[56,-222],[135,-287],[18,-172],[144,-508],[-15,-56],[77,-248],[62,-86],[85,-284],[162,-218],[26,-194],[168,-278],[215,-254],[167,-383],[68,-112]],[[77538,49002],[6,212],[-77,277],[-62,-27],[-17,-132],[79,-267],[71,-63]],[[77173,50313],[32,234],[-126,271],[-100,-49],[73,-241],[121,-215]],[[76779,51300],[-9,73],[-135,248],[-53,-76],[197,-245]],[[78226,51175],[-62,-103],[50,-122],[56,132],[-44,93]],[[80279,50706],[-41,-244],[18,-274],[67,-126],[-11,-340],[41,-198],[59,3],[120,-142],[41,-181],[-44,-218],[47,-53],[53,-601],[68,69],[153,-102],[65,69],[150,-69],[-3,-267],[132,125],[88,-59],[112,145],[168,-13],[3,-152],[111,56],[136,-66],[26,-386],[374,313],[112,532],[64,238],[-53,9],[36,403],[135,155],[38,123],[127,109],[-6,201],[-44,89],[20,301],[83,297],[73,62],[203,-69],[56,89],[-162,291],[-156,221],[65,211],[-126,304],[-6,152],[-74,56],[-38,258],[170,29],[-85,192],[41,211],[62,-95],[209,105],[-141,244],[62,86],[88,-52],[165,141],[-18,136],[-65,-10],[-156,205],[-70,0],[-39,148],[-97,-39],[21,221],[-121,132],[-94,46],[-53,175],[-76,-294],[-112,-204],[-71,-314],[-82,-13],[-53,-122],[56,-63],[-56,-169],[-85,83],[-147,-198],[-147,-53],[-15,-182],[-141,-287],[-118,-330],[-276,-152],[-97,-26],[-62,-89],[0,-172],[-65,10],[0,-175],[-68,-317],[-167,119],[-121,-14],[-91,182],[-74,-46],[-91,-370]],[[80047,52027],[62,195],[-47,135],[-68,-129],[53,-201]],[[83859,53919],[62,-89],[65,310],[67,172],[212,-106],[23,129],[74,3],[100,-116],[32,-208],[-41,-62],[6,-377],[53,-138],[259,-215],[59,-125],[88,320],[-88,343],[114,324],[118,-492],[35,297],[71,152],[-6,247],[-50,63],[0,367],[-82,62],[56,195],[-106,297],[-147,106],[35,-363],[-115,-109],[-94,66],[-6,-251],[-79,69],[-65,-227],[-100,-33],[-32,250],[-68,53],[-121,-102],[-44,-205],[-176,-76],[-44,-109],[-24,-287],[-41,-135]],[[82553,54629],[103,181],[123,126],[36,135],[100,102],[106,367],[88,46],[44,152],[103,106],[-56,178],[12,234],[-41,20],[-27,-198],[38,-63],[-91,-244],[-32,10],[-135,-350],[-109,-218],[-133,-182],[-103,-231],[-26,-171]],[[83909,56375],[-38,-389],[44,-116],[138,73],[53,145],[97,125],[-6,202],[-135,-23],[-65,122],[-85,0],[-3,-139]],[[83635,56834],[45,-49],[82,237],[-32,324],[-65,122],[-177,40],[-23,-119],[79,-165],[9,-152],[82,-238]],[[83980,57541],[70,-221],[30,29],[-53,235],[23,142],[162,-255],[41,-244],[165,-92],[47,92],[-85,119],[-100,413],[-92,3],[-64,168],[-106,40],[-65,-244],[-138,158],[-30,284],[-70,337],[70,248],[-14,99],[173,165],[9,152],[83,326],[-103,294],[5,278],[-297,290],[-138,-59],[-76,-545],[29,-106],[-38,-327],[26,-340],[-141,-175],[-3,-234],[59,-353],[138,-159],[-14,182],[79,-40],[41,-145],[-97,-129],[24,-191],[53,-10],[38,-149],[109,10],[82,172],[168,-218]],[[80435,60093],[50,126],[88,16],[100,142],[68,390],[91,168],[-17,172],[-153,49],[-115,-76],[-71,37],[-70,-99],[-44,49],[-189,-389],[18,-397],[244,-188]],[[84494,57825],[-44,-231],[41,-80],[68,192],[-65,119]],[[84750,56986],[-229,-23],[32,-175],[147,-264],[21,-251],[123,-109],[53,152],[-44,129],[6,359],[-109,182]],[[84736,56118],[-18,204],[-162,-43],[0,-208],[62,40],[41,-99],[0,-373],[100,69],[15,182],[-50,109],[12,119]],[[84618,55444],[-12,126],[-112,66],[-103,-192],[24,-92],[112,-17],[91,109]],[[84306,55342],[38,234],[106,192],[-47,204],[-120,-396],[23,-234]],[[84203,55305],[6,175],[118,532],[-103,96],[-56,-46],[-50,-212],[15,-231],[-136,-155],[56,-225],[77,-59],[44,-162],[82,172],[-53,115]],[[84462,56514],[-50,271],[-121,165],[-50,-50],[136,-280],[85,-106]],[[83886,56738],[41,238],[-41,7],[0,-245]],[[83877,53572],[76,79],[-47,93],[-62,-40],[33,-132]],[[85712,51462],[-103,-205],[41,-125],[62,40],[33,208],[-33,82]],[[85539,51099],[-100,-126],[-50,-290],[61,-221],[-26,-152],[100,-321],[21,278],[202,-76],[-2,109],[-103,69],[0,132],[108,93],[3,277],[-147,-109],[3,-99],[-112,-221],[-44,112],[71,89],[41,212],[-53,158],[27,86]],[[86327,49996],[-97,-56],[3,-99],[100,26],[120,-82],[-23,168],[-103,43]],[[86342,49494],[-50,-43],[91,-201],[26,208],[-67,36]],[[85474,49253],[-91,-162],[41,-52],[144,9],[24,76],[-118,129]],[[83806,48788],[-47,142],[74,115],[158,126],[124,317],[156,-47],[20,136],[-58,105],[-92,-105],[-197,-4],[-26,-89],[-168,37],[-120,-311],[-109,13],[-74,275],[-91,135],[-23,251],[35,218],[67,162],[145,-30],[223,56],[30,-53],[353,50],[47,-106],[114,-20],[186,60],[161,320],[68,248],[-82,39],[-83,-72],[-67,-179],[-133,-115],[-241,72],[-32,-79],[-109,112],[-230,23],[-55,93],[-145,69],[-94,-317],[-61,40],[-80,-63],[-9,-125],[-67,-156],[-30,-541],[-97,-264],[0,-420],[-56,-132],[3,-132],[-88,-99],[-18,-261],[47,-264],[103,76],[56,-36],[-12,-122],[48,-334],[-74,-601],[56,-145],[212,83],[-18,201],[50,291],[-26,386],[26,112],[-15,284],[-44,149],[150,185],[65,-27],[18,-294],[-50,-191],[129,-241],[76,-66],[-41,-314],[62,-102],[80,-10],[32,188],[135,66],[47,-43],[41,155],[-64,40],[-6,132],[-127,185],[44,188],[-14,162],[-83,129],[-85,284]],[[85980,48454],[-115,-99],[-70,53],[-192,3],[-29,-188],[59,-13],[56,-136],[132,60],[147,-60],[15,93],[356,-291],[14,139],[-82,251],[-65,79],[-82,-6],[-144,115]],[[85192,47853],[152,142],[6,122],[-117,175],[-118,0],[-118,-95],[50,-199],[145,-145]],[[84171,47559],[-30,-46],[-41,-406],[-56,-168],[74,-93],[106,208],[-68,172],[71,155],[-56,178]],[[87380,46985],[-62,-159],[-20,-208],[91,-158],[47,155],[-56,370]],[[87356,46348],[-97,221],[-17,-363],[64,-17],[50,159]],[[86571,45981],[-35,36],[-77,-168],[-47,-221],[77,-43],[79,191],[3,205]],[[88442,45885],[-103,-112],[-106,-456],[224,27],[126,168],[47,278],[-73,112],[-115,-17]],[[84747,45466],[-179,7],[-9,-175],[197,62],[-9,106]],[[84112,45294],[-59,40],[-85,-132],[-77,115],[-138,-95],[-150,145],[-106,59],[-88,-19],[-127,-156],[21,-145],[194,7],[91,-73],[118,7],[15,66],[109,-50],[91,86],[191,66],[0,79]],[[84936,45552],[85,69],[109,-46],[67,119],[-23,105],[-82,-75],[-106,9],[-50,-181]],[[81541,45981],[153,139],[-50,66],[-300,-23],[-32,-139],[229,-43]],[[84000,47186],[-35,-168],[73,-33],[68,271],[-15,165],[-91,-53],[0,-182]],[[82256,47761],[50,69],[-12,277],[-70,-135],[32,-211]],[[84547,49052],[47,-169],[218,80],[-12,76],[-182,56],[-71,-43]],[[79888,48206],[165,50],[20,211],[-56,89],[-108,20],[-21,-370]],[[79591,48273],[62,307],[-112,52],[-85,483],[-47,56],[-145,-86],[-55,-162],[41,-109],[138,-20],[53,-363],[150,-158]],[[78620,50392],[-76,169],[-71,-20],[15,-109],[132,-40]],[[87789,49524],[-74,-10],[36,-175],[108,3],[-70,182]],[[87627,49118],[227,-178],[103,16],[14,83],[-344,79]],[[91913,48514],[256,-380],[132,-119],[112,-330],[12,-268],[58,-85],[53,297],[-50,148],[-105,99],[-24,99],[-121,222],[-323,317]],[[92336,47596],[-114,3],[-130,79],[44,-356],[-91,-47],[-79,-145],[-15,-125],[-109,-93],[-182,66],[-74,-72],[-135,-17],[-221,86],[-11,-185],[64,-16],[127,-185],[106,19],[47,-109],[232,14],[165,138],[132,202],[156,115],[-29,271],[82,20],[35,337]],[[92992,46972],[-6,-278],[133,-231],[35,-211],[100,-70],[71,80],[-71,251],[-73,76],[-121,333],[-68,50]],[[93466,46249],[173,-324],[-17,244],[-138,159],[-18,-79]],[[94013,45799],[138,-270],[112,-119],[24,129],[-86,62],[-106,179],[-82,19]],[[94637,45377],[-30,-36],[77,-426],[73,125],[-38,178],[-82,159]],[[94666,44551],[-121,218],[-117,-10],[-65,103],[-32,-146],[67,-158],[136,-10],[88,-69],[44,72]],[[94810,44333],[133,-297],[132,-46],[-44,201],[-77,4],[-144,138]],[[96263,41864],[18,-413],[50,-149],[109,132],[-62,175],[-44,-26],[-71,281]],[[96481,41160],[35,-366],[106,63],[-123,204],[-18,99]],[[99502,40384],[-194,-108],[-74,-251],[24,-83],[232,-79],[147,112],[-35,238],[-100,171]],[[95693,38720],[-100,0],[64,-254],[80,-102],[88,-225],[382,-472],[118,-109],[68,43],[-41,159],[-268,363],[-80,62],[-111,278],[-44,16],[-156,241]],[[92554,36251],[9,-156],[-53,-85],[-27,-205],[39,-63],[82,363],[-50,146]],[[98066,30882],[-82,-10],[112,-277],[-15,-162],[212,-469],[176,-528],[95,39],[-39,-214],[53,-407],[-50,-23],[-35,-409],[-224,-205],[3,-102],[150,-122],[68,-119],[112,-50],[73,-204],[-82,-380],[-91,-182],[159,-69],[41,-106],[176,202],[106,307],[135,287],[56,234],[-35,172],[44,139],[88,66],[139,-3],[23,178],[91,125],[15,297],[59,159],[-79,86],[-150,-63],[-50,-132],[-115,-63],[-318,218],[-20,320],[-39,152],[-79,73],[-47,-205],[-183,99],[42,314],[-92,162],[21,218],[-188,327],[-115,10],[-97,99],[-24,221]],[[98364,26939],[26,284],[-168,-29],[-108,-139],[-42,231],[-109,116],[-155,-116],[-12,-294],[-162,-231],[-100,-423],[-118,-201],[-164,-168],[-103,-172],[-277,-248],[-112,-59],[-311,-456],[-203,-482],[76,-231],[259,20],[44,-116],[88,33],[53,-115],[189,-76],[223,119],[135,267],[127,66],[-24,103],[139,429],[41,350],[394,356],[12,261],[132,119],[77,258],[176,340],[-23,204]],[[90813,25771],[91,198],[41,204],[135,37],[36,313],[67,255],[18,442],[-94,149],[-150,-152],[-121,16],[-164,-102],[-198,129],[-285,125],[-20,-162],[88,-396],[76,-142],[18,-353],[68,-198],[208,-297],[186,-66]],[[89977,27705],[53,57],[-9,224],[-61,-43],[17,-238]],[[88224,30043],[121,3],[6,86],[-136,20],[-61,79],[-215,-102],[38,-165],[247,79]],[[96640,24064],[-71,-202],[38,-69],[130,53],[-97,218]],[[69137,22888],[-38,-135],[41,-215],[212,-129],[158,-13],[80,327],[-227,-116],[-138,103],[-88,178]],[[33624,21528],[21,-70],[-203,-313],[41,-113],[147,24],[232,290],[-108,152],[-130,30]],[[33195,21016],[173,122],[133,287],[-168,27],[-138,-436]],[[30665,20821],[-35,-142],[-165,-158],[-41,-139],[59,-83],[253,60],[-3,-93],[-230,-161],[33,-245],[-71,-39],[-168,115],[-94,-251],[141,-152],[300,20],[171,-79],[206,59],[359,-36],[135,-82],[185,85],[150,-10],[50,152],[-191,-3],[-176,102],[-418,479],[-35,145],[-94,24],[50,178],[-141,241],[-101,-76],[-129,89]],[[39516,20009],[112,-136],[244,-171],[-44,231],[-312,76]],[[31347,19448],[-220,49],[-38,-182],[223,-42],[35,175]],[[30992,19263],[-3,214],[-403,-69],[106,-192],[64,109],[133,-138],[103,76]],[[30009,19821],[85,122],[-94,132],[-64,-109],[73,-145]],[[29774,19930],[182,185],[-138,142],[-259,-27],[15,-92],[223,-56],[-23,-152]],[[30306,20062],[156,-66],[-38,191],[-118,-125]],[[29135,22036],[77,63],[-135,122],[-39,-195],[97,10]],[[29203,22214],[68,-16],[56,165],[-30,568],[-147,-63],[71,-148],[-36,-116],[-150,-10],[95,-294],[73,-86]],[[29697,25341],[-106,-142],[50,-161],[159,224],[-103,79]],[[29418,25893],[115,6],[8,268],[-44,162],[115,165],[-50,284],[-132,-73],[-21,-396],[-76,-344],[85,-72]],[[8557,40071],[-44,185],[-65,-106],[109,-79]],[[2371,42240],[-115,89],[-18,-102],[133,13]],[[2077,42329],[85,4],[-41,188],[-106,-66],[62,-126]],[[24709,49448],[70,142],[-109,294],[-38,191],[-47,-16],[38,-231],[74,-146],[-97,-115],[11,-132],[98,13]],[[6792,60582],[203,241],[-144,313],[-147,119],[11,-132],[-64,-162],[47,-221],[3,-168],[91,10]],[[6545,61450],[120,43],[-82,145],[-38,-188]],[[6471,61754],[-156,36],[-3,-76],[159,40]],[[6168,61807],[-47,251],[-73,-122],[38,-106],[82,-23]],[[5662,62167],[50,-17],[39,152],[-118,7],[29,-142]],[[18808,65980],[26,142],[-67,99],[-41,-181],[82,-60]],[[15519,76906],[162,-66],[44,172],[-156,336],[-229,129],[-182,476],[-492,168],[-244,139],[-68,-146],[333,-416],[132,24],[21,-271],[144,16],[121,-264],[264,-218],[150,-79]],[[13469,79115],[-153,419],[-123,-69],[276,-350]],[[3065,79386],[309,270],[-44,106],[-165,-165],[-100,-211]],[[3583,79742],[-171,-86],[12,-66],[388,235],[-206,152],[-23,-235]],[[13037,80010],[20,-238],[94,-73],[50,-171],[130,56],[88,409],[-373,96],[-9,-79]],[[13807,79911],[203,-347],[62,79],[-135,208],[-130,60]],[[14146,79505],[6,-205],[123,-73],[-6,307],[-123,-29]],[[4318,80234],[88,113],[250,33],[-94,208],[-270,-100],[-115,-165],[141,-89]],[[13034,80871],[-38,-161],[182,-63],[18,-142],[152,-66],[-5,231],[-121,172],[-94,267],[-153,93],[59,-331]],[[12748,81152],[68,284],[-41,165],[-112,-23],[106,-234],[-71,-33],[50,-159]],[[12566,81235],[41,280],[-82,340],[-118,-49],[-9,-168],[168,-403]],[[7189,81522],[241,274],[165,36],[141,179],[-50,115],[-185,56],[-109,-119],[-94,103],[-77,-149],[-141,-29],[-82,-129],[191,-337]],[[7454,82285],[100,-70],[226,169],[-141,95],[-185,-194]],[[12145,82344],[-32,-211],[150,-248],[288,56],[-29,294],[-247,139],[-130,-30]],[[12548,82304],[100,-419],[168,-23],[-91,452],[-177,-10]],[[12793,81704],[79,-337],[141,0],[62,99],[-50,198],[-232,40]],[[13384,80812],[173,-155],[62,287],[-85,145],[-83,-29],[-67,-248]],[[3862,83219],[138,63],[-23,218],[-138,56],[-318,-178],[341,-159]],[[2894,85012],[27,182],[-227,191],[-429,-96],[112,-112],[162,79],[355,-244]],[[15678,89664],[127,-175],[685,228],[126,413],[233,63],[50,155],[1068,475],[-430,337],[-332,106],[-583,0],[-394,152],[-882,-113],[273,-327],[-303,-373],[103,-92],[-329,-386],[-32,-156],[479,-138],[141,-169]],[[18284,91424],[321,-92],[379,56],[577,198],[209,119],[506,-83],[276,76],[174,334],[-103,185],[-359,-57],[-391,119],[-21,367],[-185,30],[-330,-288],[300,-109],[-208,-115],[341,-116],[-18,-109],[-656,17],[-56,178],[-426,238],[-271,-43],[-68,155],[-361,-10],[-283,-165],[-273,-532],[500,-128],[353,56],[456,-46],[-456,-169],[73,-66]],[[17052,91946],[188,132],[-191,99],[-218,-178],[221,-53]],[[16311,92177],[394,-33],[359,271],[338,-50],[76,149],[330,96],[-100,277],[-171,66],[-544,23],[-759,-512],[-353,-112],[65,-129],[365,-46]],[[18555,93068],[303,-112],[521,103],[150,326],[-365,0],[-621,-105],[12,-212]],[[22011,93366],[227,-156],[256,63],[-236,304],[86,89],[-580,268],[-282,-53],[-294,208],[-398,-33],[-114,-152],[415,-23],[158,-268],[762,-247]],[[19052,93488],[577,43],[-303,228],[-486,-218],[212,-53]],[[23564,94082],[644,36],[62,-95],[-456,-152],[597,-413],[492,-46],[156,142],[282,-119],[629,492],[442,125],[-180,159],[-453,26],[65,155],[-206,281],[-815,86],[-444,383],[-729,-106],[-533,-551],[447,-403]],[[22573,94297],[-106,221],[-300,-56],[406,-165]],[[24864,95205],[306,-274],[733,-152],[653,-53],[882,66],[447,112],[253,-145],[-1412,-175],[-738,36],[-15,-303],[409,-86],[191,-235],[-253,-155],[-379,-59],[-241,-198],[-3,-182],[509,-96],[250,-241],[-180,-66],[-226,218],[-271,63],[-285,-136],[303,-231],[-668,-214],[100,-241],[430,-50],[747,46],[1156,0],[29,-142],[368,73],[438,205],[-41,168],[-421,152],[471,201],[-124,202],[362,-33],[362,115],[300,512],[-147,188],[1080,231],[794,539],[997,350],[141,198],[797,251],[-73,161],[-368,14],[-153,175],[-668,10],[-1064,151],[-806,-9],[-295,-96],[-691,69],[-573,-96],[-315,53],[-624,-102],[-315,-228],[-2194,-281],[194,-155],[-159,-125]],[[37010,95915],[-32,-159],[503,-79],[179,92],[-650,146]],[[24985,92296],[209,92],[-377,86],[-217,132],[-456,-36],[-171,162],[-576,89],[-300,-83],[285,-294],[271,-72],[479,56],[312,-429],[-130,-215],[124,-241],[576,-135],[642,-43],[938,26],[212,40],[473,-66],[453,92],[212,139],[-29,287],[-447,215],[-780,20],[-382,-133],[-800,-46],[-559,321],[38,36]],[[23688,91460],[309,14],[32,340],[-391,211],[-474,-323],[524,-242]],[[22352,91655],[415,27],[-20,148],[203,215],[-80,446],[-723,92],[-492,-132],[59,-281],[-223,-227],[761,102],[-123,-370],[223,-20]],[[21220,91751],[-221,155],[-141,-171],[362,16]],[[23470,93227],[-132,-185],[688,-7],[82,142],[-638,50]],[[24735,93138],[-68,-136],[306,-112],[106,142],[-344,106]],[[23102,93227],[492,89],[64,218],[-729,241],[-265,-168],[186,-251],[252,-129]],[[23964,91200],[-423,-83],[-133,-205],[39,-525],[126,-132],[-3,-274],[294,53],[174,221],[-115,139],[415,0],[147,76],[462,584],[-577,53],[-406,93]],[[26359,91005],[-447,20],[-292,-73],[-429,-373],[-221,-627],[83,-324],[485,-66],[-385,-168],[209,-248],[235,-126],[335,50],[238,-185],[586,-26],[173,36],[253,-126],[297,175],[606,-115],[139,178],[197,-16],[0,-202],[220,-10],[139,-221],[197,-66],[17,-112],[-282,-40],[3,-185],[318,189],[511,-403],[180,-33],[103,-245],[76,-376],[-591,-538],[212,-208],[-250,-245],[-139,33],[-179,-99],[-256,109],[-176,-6],[0,-113],[-180,-82],[-62,-258],[118,-135],[400,-33],[209,162],[285,-79],[115,138],[338,-287],[165,-271],[218,17],[-44,-297],[403,-232],[182,-52],[285,-228],[339,-63],[294,-155],[91,23],[6,165],[-474,502],[-141,33],[-191,274],[317,-10],[142,-198],[273,-182],[341,-161],[53,369],[77,175],[-121,76],[-103,231],[59,126],[-165,36],[-58,139],[-236,129],[-173,393],[50,478],[341,-234],[291,-449],[303,-178],[127,46],[14,294],[189,0],[194,386],[185,175],[-203,238],[-356,-50],[-47,155],[-156,33],[-17,185],[-265,245],[-330,-30],[-170,73],[-65,188],[-241,29],[-53,90],[247,432],[-377,70],[159,102],[250,-27],[-38,133],[-309,343],[-597,198],[-400,-83],[-23,162],[255,106],[-129,135],[-247,73],[-232,-172],[-271,221],[15,189],[-230,29],[-38,205],[-668,145],[-467,-201],[-342,-7],[74,198],[-109,238],[-138,43],[-109,261],[-362,13],[-635,-231],[-156,-238],[56,-350],[-215,73],[-124,234],[186,271],[300,202],[-44,79]],[[27591,90975],[-29,-264],[170,-26],[59,-215],[215,-53],[279,83],[515,-47],[21,152],[-271,235],[-256,86],[-365,-17],[-338,66]],[[34768,88931],[-44,-208],[309,-79],[85,-182],[398,136],[41,181],[-203,70],[-150,152],[-330,62],[-106,-132]],[[27112,84738],[147,218],[-397,3],[-171,-241],[65,-195],[150,20],[206,195]],[[27882,84675],[-164,-155],[9,-201],[120,-106],[135,370],[-100,92]],[[28382,85055],[92,99],[-192,119],[-97,-56],[197,-162]],[[26532,85217],[56,132],[177,76],[29,191],[156,4],[250,-235],[294,-135],[153,152],[-15,135],[-306,86],[-41,218],[-400,241],[-53,105],[-194,40],[-132,155],[-138,-20],[-115,261],[-127,-89],[-58,-459],[-74,-188],[65,-274],[-197,-96],[64,-152],[292,10],[-6,-241],[100,-66],[220,149]],[[28721,87350],[338,69],[88,109],[-17,380],[-218,59],[-215,-43],[-176,-310],[94,-258],[106,-6]],[[29324,87825],[9,-172],[276,0],[-3,106],[-282,66]],[[28032,88264],[242,238],[-109,36],[-133,-274]],[[23191,89985],[17,369],[-223,179],[-303,46],[326,224],[59,162],[-182,86],[-447,-86],[-162,109],[-300,-56],[-188,-215],[279,-118],[144,-166],[-115,-109],[-235,-13],[-129,169],[-200,13],[-36,-211],[256,-205],[130,23],[376,-264],[177,-284],[144,-43],[206,215],[141,-24],[265,199]],[[20973,89625],[32,152],[-182,287],[-91,376],[-418,291],[-318,20],[-79,-123],[194,-624],[-165,-26],[-123,337],[-321,-37],[-415,37],[18,86],[-497,161],[-282,-118],[-65,297],[-180,-10],[-685,-221],[-338,-271],[129,-112],[-259,-162],[250,-311],[-64,-198],[223,-231],[556,-13],[444,73],[512,-123],[-123,-161],[-445,62],[-770,-102],[-133,-79],[224,-294],[182,-89],[665,-53],[-21,-225],[86,-115],[212,-46],[447,23],[541,99],[135,122],[739,125],[676,-214],[412,102],[53,122],[-224,307],[147,63],[303,-109],[-26,297],[-133,-46],[-244,172],[-311,99],[-309,287],[41,116]],[[22800,88829],[-192,-251],[59,-69],[-332,-169],[114,-102],[739,-211],[200,155],[-68,277],[-520,370]],[[20458,90754],[282,-244],[233,359],[-185,106],[-401,-26],[-120,-126],[191,-69]],[[25882,87904],[-3,-244],[118,30],[0,201],[-115,13]],[[28012,81413],[-241,-357],[153,-13],[103,198],[-15,172]],[[27382,79571],[-176,-116],[285,-149],[-26,251],[-83,14]],[[32527,14151],[-188,146],[-194,-248],[173,-59],[209,161]],[[30389,11774],[-392,-82],[-41,-152],[150,-126],[-85,-277],[168,-126],[185,33],[150,-115],[-247,-76],[-6,-277],[-482,-245],[-380,10],[-356,-158],[15,-139],[373,-142],[362,175],[103,139],[436,-212],[-345,-69],[-306,-198],[195,-112],[491,3],[394,69],[224,182],[70,340],[-38,409],[-274,525],[-9,165],[-194,241],[-23,169],[-138,46]],[[23335,9740],[-103,350],[-221,-125],[-382,171],[-338,-158],[-192,89],[-455,-53],[-59,-86],[579,-79],[453,-168],[700,-7],[18,66]],[[28965,10500],[368,69],[217,112],[-73,112],[-283,-6],[-229,-287]],[[29265,11117],[-88,152],[-180,-83],[-23,-138],[226,-40],[65,109]],[[14855,9294],[-218,-26],[38,-158],[662,-347],[285,86],[-512,356],[-255,89]],[[15778,9050],[130,-158],[-83,-142],[218,-90],[318,37],[229,191],[-26,113],[-786,49]],[[4380,5960],[82,-76],[894,-248],[459,20],[-214,261],[-700,330],[-498,-132],[-23,-155]],[[5271,4675],[97,66],[-641,109],[-206,-119],[750,-56]],[[29015,9522],[-162,-165],[71,-105],[356,-149],[103,347],[-368,72]],[[33957,14501],[-106,-112],[64,-175],[221,116],[-179,171]],[[78091,13659],[-156,7],[-77,-142],[189,-13],[44,148]],[[57312,11074],[-94,-73],[129,-142],[118,76],[-153,139]],[[44196,9067],[-124,-179],[147,-264],[124,30],[-147,413]],[[36754,6755],[-385,-112],[-359,-360],[26,-469],[-465,-290],[-420,-56],[-197,-400],[1212,50],[23,56],[1718,270],[156,430],[-277,459],[42,194],[-589,242],[-485,-14]],[[33427,5197],[103,257],[-147,228],[-474,-66],[-61,-264],[-1377,-26],[671,-189],[1009,-115],[276,175]],[[30677,5818],[170,241],[651,406],[-106,33],[-1000,-324],[-342,-330],[409,-119],[218,93]],[[96293,7019],[-136,-95],[621,-89],[253,89],[-303,92],[-435,3]],[[83530,62186],[35,-6],[32,333],[124,344],[73,584],[50,159],[15,353],[-82,86],[-150,-122],[-100,-248],[-142,-462],[-35,-347],[74,-350],[50,-53],[56,-271]],[[86392,67344],[17,129],[74,-33],[94,634],[88,155],[-73,426],[-186,39],[-41,132],[-117,-19],[-30,-139],[-162,-142],[-50,7],[3,-212],[150,-214],[50,52],[-61,232],[79,-14],[62,-264],[-100,-280],[-30,-172],[44,-93],[-32,-211],[221,-13]],[[85074,68443],[159,63],[-15,139],[-132,-53],[-12,-149]],[[86362,68873],[100,-27],[133,73],[88,-89],[44,191],[262,30],[150,129],[65,-40],[85,149],[138,26],[188,-115],[-100,-162],[27,-218],[82,-182],[91,-43],[50,66],[94,314],[153,83],[18,72],[-103,99],[32,205],[71,-116],[356,-95],[100,274],[359,155],[-6,-244],[159,145],[23,205],[100,99],[-76,300],[68,334],[41,46],[23,228],[-29,284],[44,267],[106,36],[44,307],[76,66],[45,241],[-92,469],[-85,159],[-3,356],[-144,106],[-24,-208],[115,63],[-12,-182],[-144,-10],[-20,182],[-65,16],[-35,-260],[-106,-106],[47,-132],[-56,-218],[56,-76],[6,-178],[-77,-383],[-94,-360],[-159,-188],[-85,-251],[-85,-109],[-227,-146],[-26,-85],[-159,59],[-91,-244],[-133,-255],[39,-112],[-127,-162],[-306,106],[-82,-69],[-230,-50],[-91,79],[-126,-89],[-62,-148],[-277,-416],[-120,9],[-21,-260]],[[89007,73073],[79,333],[-118,69],[27,139],[97,33],[79,-139],[197,169],[415,-383],[35,214],[80,192],[153,175],[153,-30],[203,185],[-177,383],[-111,0],[-59,93],[-121,-7],[-223,271],[-283,512],[-106,-192],[59,-314],[-41,-366],[-85,-126],[29,-194],[-76,-123],[-189,129],[9,-198],[-73,-142],[-106,-56],[-24,-231],[97,-145],[-44,-235],[62,-89],[62,73]],[[87309,68651],[95,119],[-12,238],[-127,96],[-150,-99],[-29,-136],[-206,17],[-27,-155],[-82,-139],[27,-297],[94,-106],[126,337],[130,106],[126,-162],[35,181]],[[89498,75565],[73,341],[197,42],[-41,304],[-132,284],[0,142],[147,647],[118,89],[217,-52],[-76,422],[-59,165],[-91,644],[-94,278],[59,409],[-15,248],[-106,343],[26,205],[-50,92],[-114,-39],[82,-159],[-35,-248],[-224,-72],[44,-195],[-73,-353],[-9,-278],[124,-231],[52,-218],[-61,-303],[32,-473],[-56,-455],[-29,-46],[79,-255],[15,-195],[-65,-198],[27,-310],[-65,-251],[29,-314],[74,-10]],[[95513,82605],[218,96],[-21,208],[-164,-116],[-33,-188]],[[88274,80380],[88,178],[-138,109],[-94,-169],[144,-118]],[[72405,53308],[194,148],[88,132],[59,311],[-3,172],[-120,445],[-21,195],[-174,489],[-144,261],[-76,-76],[47,-255],[-56,-165],[9,-109],[-62,-406],[38,-670],[88,-426],[133,-46]],[[64972,56847],[159,123],[-98,85],[-202,-23],[50,-181],[91,-4]],[[53768,70705],[197,-125],[58,-139],[162,-76],[74,205],[-62,165],[26,234],[83,189],[-165,56],[-176,-96],[-136,-23],[-129,138],[-118,-109],[-47,57],[-82,-175],[62,-136],[79,0],[174,-165]],[[57836,70253],[-142,-162],[103,-50],[39,212]],[[59465,69718],[-179,-93],[-141,40],[-15,-135],[-156,-86],[100,-195],[159,26],[100,70],[132,373]],[[56871,69404],[418,63],[-133,162],[-79,-20],[-141,69],[-195,-33],[-23,122],[-174,-29],[-11,-132],[329,-109],[9,-93]],[[56824,71105],[-62,95],[-59,278],[-147,-50],[9,-86],[115,-13],[91,-234],[53,10]],[[57315,71656],[76,36],[-73,185],[-135,-66],[132,-155]],[[52335,71758],[53,-148],[71,-13],[61,188],[136,-43],[47,525],[-30,102],[56,142],[-73,334],[-92,79],[-129,-195],[-156,-26],[80,-423],[-24,-522]],[[50903,71881],[61,201],[-111,102],[-198,-178],[195,-191],[53,66]],[[52556,72980],[97,416],[-6,238],[-53,115],[-174,-105],[-29,-367],[50,-188],[115,-109]],[[53379,81169],[-300,-248],[44,-248],[259,7],[21,178],[97,89],[6,189],[-127,33]],[[53197,80360],[59,125],[-180,40],[-20,-89],[141,-76]],[[52829,80594],[153,0],[27,132],[-150,172],[-162,-69],[132,-235]],[[55044,81869],[153,-70],[27,261],[-95,53],[-85,-244]],[[56109,82212],[91,126],[212,102],[3,99],[-141,36],[-200,-208],[35,-155]],[[63633,88621],[-214,-135],[-27,-205],[106,-99],[312,89],[167,145],[-344,205]],[[88624,92355],[-450,-158],[-100,-129],[21,-327],[282,-198],[330,-50],[694,172],[141,-96],[550,123],[259,264],[-368,175],[-388,13],[-321,158],[-147,-227],[-297,89],[-206,191]],[[90651,91956],[-77,-155],[583,-245],[288,-26],[391,76],[-135,185],[-421,-7],[-55,116],[-448,-30],[-126,86]],[[81103,91375],[-109,-119],[332,-96],[150,218],[-373,-3]],[[89457,91064],[-256,-20],[-177,-221],[283,-102],[461,-69],[65,204],[-376,208]],[[96634,88776],[362,-125],[64,168],[-320,83],[-106,-126]]],"transform":{"scale":[0.003600036000360006,0.0018000180001800019],"translate":[-180,-90]},"objects":{"ne_110m_admin_0_countries":{"type":"GeometryCollection","geometries":[{"arcs":[[[0]],[[1]],[[2]]],"type":"MultiPolygon","properties":{"NAME":"Fiji"}},{"arcs":[[3,4,5,6,7,8,9,10,11]],"type":"Polygon","properties":{"NAME":"Tanzania"}},{"arcs":[[12,13,14,15]],"type":"Polygon","properties":{"NAME":"W. Sahara"}},{"arcs":[[[16,17,18,19]],[[20]],[[21]],[[22]],[[23]],[[24]],[[25]],[[26]],[[27]],[[28]],[[29]],[[30]],[[31]],[[32]],[[33]],[[34]],[[35]],[[36]],[[37]],[[38]],[[39]],[[40]],[[41]],[[42]],[[43]],[[44]],[[45]],[[46]],[[47]],[[48]]],"type":"MultiPolygon","properties":{"NAME":"Canada"}},{"arcs":[[[-20,49,50,51]],[[52]],[[53]],[[54]],[[55]],[[56]],[[57]],[[58]],[[-18,59]],[[60]]],"type":"MultiPolygon","properties":{"NAME":"United States of America"}},{"arcs":[[61,62,63,64,65,66]],"type":"Polygon","properties":{"NAME":"Kazakhstan"}},{"arcs":[[-64,67,68,69,70]],"type":"Polygon","properties":{"NAME":"Uzbekistan"}},{"arcs":[[[71,72]],[[73]],[[74]],[[75]]],"type":"MultiPolygon","properties":{"NAME":"Papua New Guinea"}},{"arcs":[[[-73,76]],[[77,78]],[[79]],[[80,81]],[[82]],[[83]],[[84]],[[85]],[[86]],[[87]],[[88]],[[89]],[[90]]],"type":"MultiPolygon","properties":{"NAME":"Indonesia"}},{"arcs":[[[91,92]],[[93,94,95,96,97,98]]],"type":"MultiPolygon","properties":{"NAME":"Argentina"}},{"arcs":[[[-93,99]],[[100,-96,101,102]]],"type":"MultiPolygon","properties":{"NAME":"Chile"}},{"arcs":[[-9,103,104,105,106,107,108,109,110,111,112]],"type":"Polygon","properties":{"NAME":"Dem. Rep. Congo"}},{"arcs":[[113,114,115,116]],"type":"Polygon","properties":{"NAME":"Somalia"}},{"arcs":[[-4,117,118,119,-114,120]],"type":"Polygon","properties":{"NAME":"Kenya"}},{"arcs":[[121,122,123,124,125,126,127,128]],"type":"Polygon","properties":{"NAME":"Sudan"}},{"arcs":[[-123,129,130,131,132]],"type":"Polygon","properties":{"NAME":"Chad"}},{"arcs":[[133,134]],"type":"Polygon","properties":{"NAME":"Haiti"}},{"arcs":[[-134,135]],"type":"Polygon","properties":{"NAME":"Dominican Rep."}},{"arcs":[[[136]],[[137,138,139,140,141,142,143,144,145,146,147,148,149,150,151,152,-67]],[[153]],[[154]],[[155]],[[156]],[[157]],[[158]],[[159,160,161]],[[162]],[[163]],[[164]],[[165]],[[166,167]]],"type":"MultiPolygon","properties":{"NAME":"Russia"}},{"arcs":[[[168]],[[169]],[[170]]],"type":"MultiPolygon","properties":{"NAME":"Bahamas"}},{"arcs":[[171]],"type":"Polygon","properties":{"NAME":"Falkland Is."}},{"arcs":[[[172]],[[-148,173,174,175]],[[176]],[[177]]],"type":"MultiPolygon","properties":{"NAME":"Norway"}},{"arcs":[[178]],"type":"Polygon","properties":{"NAME":"Greenland"}},{"arcs":[[179]],"type":"Polygon","properties":{"NAME":"Fr. S. Antarctic Lands"}},{"arcs":[[180,-78]],"type":"Polygon","properties":{"NAME":"Timor-Leste"}},{"arcs":[[181,182,183,184,185,186,187],[188]],"type":"Polygon","properties":{"NAME":"South Africa"}},{"arcs":[[-189]],"type":"Polygon","properties":{"NAME":"Lesotho"}},{"arcs":[[-51,189,190,191,192]],"type":"Polygon","properties":{"NAME":"Mexico"}},{"arcs":[[193,194,-94]],"type":"Polygon","properties":{"NAME":"Uruguay"}},{"arcs":[[-194,-99,195,196,197,198,199,200,201,202,203]],"type":"Polygon","properties":{"NAME":"Brazil"}},{"arcs":[[-197,204,-97,-101,205]],"type":"Polygon","properties":{"NAME":"Bolivia"}},{"arcs":[[-198,-206,-103,206,207,208]],"type":"Polygon","properties":{"NAME":"Peru"}},{"arcs":[[-199,-209,209,210,211,212,213]],"type":"Polygon","properties":{"NAME":"Colombia"}},{"arcs":[[-212,214,215,216]],"type":"Polygon","properties":{"NAME":"Panama"}},{"arcs":[[-216,217,218,219]],"type":"Polygon","properties":{"NAME":"Costa Rica"}},{"arcs":[[-219,220,221,222]],"type":"Polygon","properties":{"NAME":"Nicaragua"}},{"arcs":[[-222,223,224,225,226]],"type":"Polygon","properties":{"NAME":"Honduras"}},{"arcs":[[-225,227,228]],"type":"Polygon","properties":{"NAME":"El Salvador"}},{"arcs":[[-192,229,230,-226,-229,231]],"type":"Polygon","properties":{"NAME":"Guatemala"}},{"arcs":[[-191,232,-230]],"type":"Polygon","properties":{"NAME":"Belize"}},{"arcs":[[-200,-214,233,234]],"type":"Polygon","properties":{"NAME":"Venezuela"}},{"arcs":[[-201,-235,235,236]],"type":"Polygon","properties":{"NAME":"Guyana"}},{"arcs":[[-202,-237,237,238]],"type":"Polygon","properties":{"NAME":"Suriname"}},{"arcs":[[[-203,-239,239]],[[240,241,242,243,244,245,246,247]],[[248]]],"type":"MultiPolygon","properties":{"NAME":"France"}},{"arcs":[[-208,249,-210]],"type":"Polygon","properties":{"NAME":"Ecuador"}},{"arcs":[[250]],"type":"Polygon","properties":{"NAME":"Puerto Rico"}},{"arcs":[[251]],"type":"Polygon","properties":{"NAME":"Jamaica"}},{"arcs":[[252]],"type":"Polygon","properties":{"NAME":"Cuba"}},{"arcs":[[-184,253,254,255]],"type":"Polygon","properties":{"NAME":"Zimbabwe"}},{"arcs":[[-183,256,257,-254]],"type":"Polygon","properties":{"NAME":"Botswana"}},{"arcs":[[-182,258,259,260,-257]],"type":"Polygon","properties":{"NAME":"Namibia"}},{"arcs":[[261,262,263,264,265,266,267]],"type":"Polygon","properties":{"NAME":"Senegal"}},{"arcs":[[-264,268,269,270,271,272,273]],"type":"Polygon","properties":{"NAME":"Mali"}},{"arcs":[[-14,274,-269,-263,275]],"type":"Polygon","properties":{"NAME":"Mauritania"}},{"arcs":[[276,277,278,279,280]],"type":"Polygon","properties":{"NAME":"Benin"}},{"arcs":[[-132,281,282,-280,283,-271,284,285]],"type":"Polygon","properties":{"NAME":"Niger"}},{"arcs":[[-281,-283,286,287]],"type":"Polygon","properties":{"NAME":"Nigeria"}},{"arcs":[[-131,288,289,290,291,292,-287,-282]],"type":"Polygon","properties":{"NAME":"Cameroon"}},{"arcs":[[-278,293,294,295]],"type":"Polygon","properties":{"NAME":"Togo"}},{"arcs":[[-295,296,297,298]],"type":"Polygon","properties":{"NAME":"Ghana"}},{"arcs":[[-273,299,-298,300,301,302]],"type":"Polygon","properties":{"NAME":"Côte d'Ivoire"}},{"arcs":[[-265,-274,-303,303,304,305,306]],"type":"Polygon","properties":{"NAME":"Guinea"}},{"arcs":[[-266,-307,307]],"type":"Polygon","properties":{"NAME":"Guinea-Bissau"}},{"arcs":[[-302,308,309,-304]],"type":"Polygon","properties":{"NAME":"Liberia"}},{"arcs":[[-305,-310,310]],"type":"Polygon","properties":{"NAME":"Sierra Leone"}},{"arcs":[[-272,-284,-279,-296,-299,-300]],"type":"Polygon","properties":{"NAME":"Burkina Faso"}},{"arcs":[[-109,311,-289,-130,-122,312]],"type":"Polygon","properties":{"NAME":"Central African Rep."}},{"arcs":[[-108,313,314,315,-290,-312]],"type":"Polygon","properties":{"NAME":"Congo"}},{"arcs":[[-291,-316,316,317]],"type":"Polygon","properties":{"NAME":"Gabon"}},{"arcs":[[-292,-318,318]],"type":"Polygon","properties":{"NAME":"Eq. Guinea"}},{"arcs":[[-8,319,320,-255,-258,-261,321,-104]],"type":"Polygon","properties":{"NAME":"Zambia"}},{"arcs":[[-7,322,-320]],"type":"Polygon","properties":{"NAME":"Malawi"}},{"arcs":[[-6,323,-187,324,-185,-256,-321,-323]],"type":"Polygon","properties":{"NAME":"Mozambique"}},{"arcs":[[-186,-325]],"type":"Polygon","properties":{"NAME":"eSwatini"}},{"arcs":[[[-107,325,-314]],[[-105,-322,-260,326]]],"type":"MultiPolygon","properties":{"NAME":"Angola"}},{"arcs":[[-10,-113,327]],"type":"Polygon","properties":{"NAME":"Burundi"}},{"arcs":[[328,329,330,331,332,333,334,335]],"type":"Polygon","properties":{"NAME":"Israel"}},{"arcs":[[-335,336,337]],"type":"Polygon","properties":{"NAME":"Lebanon"}},{"arcs":[[338]],"type":"Polygon","properties":{"NAME":"Madagascar"}},{"arcs":[[-330,339]],"type":"Polygon","properties":{"NAME":"Palestine"}},{"arcs":[[-268,340]],"type":"Polygon","properties":{"NAME":"Gambia"}},{"arcs":[[341,342,343]],"type":"Polygon","properties":{"NAME":"Tunisia"}},{"arcs":[[-13,344,345,-342,346,-285,-270,-275]],"type":"Polygon","properties":{"NAME":"Algeria"}},{"arcs":[[-329,347,348,349,350,-331,-340]],"type":"Polygon","properties":{"NAME":"Jordan"}},{"arcs":[[351,352,353,354,355]],"type":"Polygon","properties":{"NAME":"United Arab Emirates"}},{"arcs":[[356,357]],"type":"Polygon","properties":{"NAME":"Qatar"}},{"arcs":[[358,359,360]],"type":"Polygon","properties":{"NAME":"Kuwait"}},{"arcs":[[-349,361,362,363,364,-361,365]],"type":"Polygon","properties":{"NAME":"Iraq"}},{"arcs":[[[-355,366,367,368]],[[-353,369]]],"type":"MultiPolygon","properties":{"NAME":"Oman"}},{"arcs":[[[370]],[[371]]],"type":"MultiPolygon","properties":{"NAME":"Vanuatu"}},{"arcs":[[372,373,374,375]],"type":"Polygon","properties":{"NAME":"Cambodia"}},{"arcs":[[-373,376,377,378,379,380]],"type":"Polygon","properties":{"NAME":"Thailand"}},{"arcs":[[-374,-381,381,382,383]],"type":"Polygon","properties":{"NAME":"Laos"}},{"arcs":[[-380,384,385,386,387,-382]],"type":"Polygon","properties":{"NAME":"Myanmar"}},{"arcs":[[-375,-384,388,389]],"type":"Polygon","properties":{"NAME":"Vietnam"}},{"arcs":[[-150,390,391,392,393]],"type":"Polygon","properties":{"NAME":"North Korea"}},{"arcs":[[-392,394]],"type":"Polygon","properties":{"NAME":"South Korea"}},{"arcs":[[-152,395]],"type":"Polygon","properties":{"NAME":"Mongolia"}},{"arcs":[[-387,396,397,398,399,400,401,402,403]],"type":"Polygon","properties":{"NAME":"India"}},{"arcs":[[-386,404,-397]],"type":"Polygon","properties":{"NAME":"Bangladesh"}},{"arcs":[[-403,405]],"type":"Polygon","properties":{"NAME":"Bhutan"}},{"arcs":[[-401,406]],"type":"Polygon","properties":{"NAME":"Nepal"}},{"arcs":[[-399,407,408,409,410]],"type":"Polygon","properties":{"NAME":"Pakistan"}},{"arcs":[[-70,411,412,-410,413,414]],"type":"Polygon","properties":{"NAME":"Afghanistan"}},{"arcs":[[-69,415,416,-412]],"type":"Polygon","properties":{"NAME":"Tajikistan"}},{"arcs":[[-63,417,-416,-68]],"type":"Polygon","properties":{"NAME":"Kyrgyzstan"}},{"arcs":[[-65,-71,-415,418,419]],"type":"Polygon","properties":{"NAME":"Turkmenistan"}},{"arcs":[[-364,420,421,422,423,424,-419,-414,-409,425]],"type":"Polygon","properties":{"NAME":"Iran"}},{"arcs":[[-336,-338,426,427,-362,-348]],"type":"Polygon","properties":{"NAME":"Syria"}},{"arcs":[[-423,428,429,430,431]],"type":"Polygon","properties":{"NAME":"Armenia"}},{"arcs":[[-175,432,433]],"type":"Polygon","properties":{"NAME":"Sweden"}},{"arcs":[[-143,434,435,436,437]],"type":"Polygon","properties":{"NAME":"Belarus"}},{"arcs":[[-142,438,-167,439,440,441,442,443,444,445,-435]],"type":"Polygon","properties":{"NAME":"Ukraine"}},{"arcs":[[-436,-446,446,447,448,449,-160,450]],"type":"Polygon","properties":{"NAME":"Poland"}},{"arcs":[[451,452,453,454,455,456,457]],"type":"Polygon","properties":{"NAME":"Austria"}},{"arcs":[[-444,458,459,460,461,-452,462]],"type":"Polygon","properties":{"NAME":"Hungary"}},{"arcs":[[-442,463]],"type":"Polygon","properties":{"NAME":"Moldova"}},{"arcs":[[-441,464,465,466,-459,-443,-464]],"type":"Polygon","properties":{"NAME":"Romania"}},{"arcs":[[-437,-451,-162,467,468]],"type":"Polygon","properties":{"NAME":"Lithuania"}},{"arcs":[[-144,-438,-469,469,470]],"type":"Polygon","properties":{"NAME":"Latvia"}},{"arcs":[[-145,-471,471]],"type":"Polygon","properties":{"NAME":"Estonia"}},{"arcs":[[-449,472,-456,473,-241,474,475,476,477,478,479]],"type":"Polygon","properties":{"NAME":"Germany"}},{"arcs":[[-466,480,481,482,483,484]],"type":"Polygon","properties":{"NAME":"Bulgaria"}},{"arcs":[[[485]],[[-483,486,487,488,489]]],"type":"MultiPolygon","properties":{"NAME":"Greece"}},{"arcs":[[[-363,-428,490,491,-430,-421]],[[-482,492,-487]]],"type":"MultiPolygon","properties":{"NAME":"Turkey"}},{"arcs":[[-489,493,494,495,496]],"type":"Polygon","properties":{"NAME":"Albania"}},{"arcs":[[-461,497,498,499,500,501]],"type":"Polygon","properties":{"NAME":"Croatia"}},{"arcs":[[-455,502,-242,-474]],"type":"Polygon","properties":{"NAME":"Switzerland"}},{"arcs":[[-475,-248,503]],"type":"Polygon","properties":{"NAME":"Luxembourg"}},{"arcs":[[-476,-504,-247,504,505]],"type":"Polygon","properties":{"NAME":"Belgium"}},{"arcs":[[-477,-506,506]],"type":"Polygon","properties":{"NAME":"Netherlands"}},{"arcs":[[507,508]],"type":"Polygon","properties":{"NAME":"Portugal"}},{"arcs":[[-508,509,-245,510]],"type":"Polygon","properties":{"NAME":"Spain"}},{"arcs":[[511,512]],"type":"Polygon","properties":{"NAME":"Ireland"}},{"arcs":[[513]],"type":"Polygon","properties":{"NAME":"New Caledonia"}},{"arcs":[[[514]],[[515]],[[516]],[[517]],[[518]]],"type":"MultiPolygon","properties":{"NAME":"Solomon Is."}},{"arcs":[[[519]],[[520]]],"type":"MultiPolygon","properties":{"NAME":"New Zealand"}},{"arcs":[[[521]],[[522]]],"type":"MultiPolygon","properties":{"NAME":"Australia"}},{"arcs":[[523]],"type":"Polygon","properties":{"NAME":"Sri Lanka"}},{"arcs":[[[524]],[[-62,-153,-396,-151,-394,525,-389,-383,-388,-404,-406,-402,-407,-400,-411,-413,-417,-418]]],"type":"MultiPolygon","properties":{"NAME":"China"}},{"arcs":[[526]],"type":"Polygon","properties":{"NAME":"Taiwan"}},{"arcs":[[[-454,527,528,-243,-503]],[[529]],[[530]]],"type":"MultiPolygon","properties":{"NAME":"Italy"}},{"arcs":[[[-479,531]],[[532]]],"type":"MultiPolygon","properties":{"NAME":"Denmark"}},{"arcs":[[[-513,533]],[[534]]],"type":"MultiPolygon","properties":{"NAME":"United Kingdom"}},{"arcs":[[535]],"type":"Polygon","properties":{"NAME":"Iceland"}},{"arcs":[[[-139,536,-424,-432,537]],[[-422,-429]]],"type":"MultiPolygon","properties":{"NAME":"Azerbaijan"}},{"arcs":[[-140,-538,-431,-492,538]],"type":"Polygon","properties":{"NAME":"Georgia"}},{"arcs":[[[539]],[[540]],[[541]],[[542]],[[543]],[[544]],[[545]]],"type":"MultiPolygon","properties":{"NAME":"Philippines"}},{"arcs":[[[-378,546]],[[-82,547,548,549]]],"type":"MultiPolygon","properties":{"NAME":"Malaysia"}},{"arcs":[[-549,550]],"type":"Polygon","properties":{"NAME":"Brunei"}},{"arcs":[[-453,-462,-502,551,-528]],"type":"Polygon","properties":{"NAME":"Slovenia"}},{"arcs":[[-147,552,-433,-174]],"type":"Polygon","properties":{"NAME":"Finland"}},{"arcs":[[-445,-463,-458,553,-447]],"type":"Polygon","properties":{"NAME":"Slovakia"}},{"arcs":[[-448,-554,-457,-473]],"type":"Polygon","properties":{"NAME":"Czechia"}},{"arcs":[[-127,554,555,556]],"type":"Polygon","properties":{"NAME":"Eritrea"}},{"arcs":[[[557]],[[558]],[[559]]],"type":"MultiPolygon","properties":{"NAME":"Japan"}},{"arcs":[[-196,-98,-205]],"type":"Polygon","properties":{"NAME":"Paraguay"}},{"arcs":[[-368,560,561]],"type":"Polygon","properties":{"NAME":"Yemen"}},{"arcs":[[-350,-366,-360,562,-358,563,-356,-369,-562,564]],"type":"Polygon","properties":{"NAME":"Saudi Arabia"}},{"arcs":[[[565]],[[566]],[[567]],[[568]],[[569]],[[570]],[[571]],[[572]]],"type":"MultiPolygon","properties":{"NAME":"Antarctica"}},{"arcs":[[573,574]],"type":"Polygon","properties":{"NAME":"N. Cyprus"}},{"arcs":[[-575,575]],"type":"Polygon","properties":{"NAME":"Cyprus"}},{"arcs":[[-345,-16,576]],"type":"Polygon","properties":{"NAME":"Morocco"}},{"arcs":[[-125,577,578,-333,579]],"type":"Polygon","properties":{"NAME":"Egypt"}},{"arcs":[[-124,-133,-286,-347,-344,580,-578]],"type":"Polygon","properties":{"NAME":"Libya"}},{"arcs":[[-115,-120,581,-128,-557,582,583]],"type":"Polygon","properties":{"NAME":"Ethiopia"}},{"arcs":[[-556,584,585,-583]],"type":"Polygon","properties":{"NAME":"Djibouti"}},{"arcs":[[-116,-584,-586,586]],"type":"Polygon","properties":{"NAME":"Somaliland"}},{"arcs":[[-12,587,-111,588,-118]],"type":"Polygon","properties":{"NAME":"Uganda"}},{"arcs":[[-11,-328,-112,-588]],"type":"Polygon","properties":{"NAME":"Rwanda"}},{"arcs":[[-499,589,590]],"type":"Polygon","properties":{"NAME":"Bosnia and Herz."}},{"arcs":[[-484,-490,-497,591,592]],"type":"Polygon","properties":{"NAME":"North Macedonia"}},{"arcs":[[-460,-467,-485,-593,593,594,-590,-498]],"type":"Polygon","properties":{"NAME":"Serbia"}},{"arcs":[[-495,595,-500,-591,-595,596]],"type":"Polygon","properties":{"NAME":"Montenegro"}},{"arcs":[[-496,-597,-594,-592]],"type":"Polygon","properties":{"NAME":"Kosovo"}},{"arcs":[[597]],"type":"Polygon","properties":{"NAME":"Trinidad and Tobago"}},{"arcs":[[-110,-313,-129,-582,-119,-589]],"type":"Polygon","properties":{"NAME":"S. Sudan"}}]},"ne_110m_graticules_30":{"type":"GeometryCollection","geometries":[{"type":"LineString","arcs":[598,599,600,601,602,603,604,605,606,607,608,609]},{"type":"LineString","arcs":[610,611,612,613,614,615,616,617,618,619,620,621]},{"type":"LineString","arcs":[622,623,624,625,626,627,628,629,630,631,632,633]},{"type":"LineString","arcs":[634,635,636,637,638,639,640,641,642,643,644,645]},{"type":"LineString","arcs":[646,647,648,649,650,651,652,653,654,655,656,657]},{"type":"LineString","arcs":[658,659,660,661,662,663]},{"type":"LineString","arcs":[664,665,666,667,668,669]},{"type":"LineString","arcs":[670,671,672,673,674,675]},{"type":"LineString","arcs":[676,677,678,679,680,681]},{"type":"LineString","arcs":[682,683,684,685,686,687]},{"type":"LineString","arcs":[688,689,690,691,692,693]},{"type":"LineString","arcs":[694,695,696,697,698,699]},{"type":"LineString","arcs":[700,701,702,703,704,705]},{"type":"LineString","arcs":[706,707,708,709,710,711]},{"type":"LineString","arcs":[712,713,714,715,716,717]},{"type":"LineString","arcs":[718,719,720,721,722,723]},{"type":"LineString","arcs":[724,725,726,727,728,729]}]},"oceans":{"type":"GeometryCollection","geometries":[{"arcs":[[[730]],[[731],[732],[733],[734],[735],[736],[737],[738],[739],[740],[741],[742],[743],[744],[745],[746],[747],[748],[749],[750],[751],[752],[753],[754],[755],[756],[757],[758],[759],[760],[761],[762],[763],[764],[765],[766],[767],[768],[769],[770],[771],[772],[773],[774],[775],[776],[777],[778],[779],[780],[781],[782],[783],[784],[785],[786],[787],[788],[789],[790],[791],[792],[793],[794],[795],[796],[797],[798],[799],[800],[801],[802],[803],[804],[805],[806],[807],[808],[809],[810],[811],[812],[813],[814],[815],[816],[817],[818],[819],[820],[821],[822],[823],[824],[825],[826],[827],[828],[829],[830],[831],[832],[833],[834],[835],[836],[837],[838],[839],[840],[841],[842],[843],[844],[845],[846],[847],[848],[849],[850],[851],[852],[853],[854],[855],[856],[857],[858],[859],[860],[861],[862],[863],[864],[865],[866],[867],[868],[869],[870],[871],[872],[873],[874],[875],[876],[877],[878],[879],[880],[881],[882],[883],[884],[885],[886],[887],[888],[889],[890],[891],[892],[893],[894],[895],[896],[897],[898],[899],[900],[901],[902],[903],[904],[905],[906],[907],[908],[909],[910],[911],[912],[913],[914],[915],[916],[917],[918],[919],[920],[921],[922],[923],[924],[925],[926],[927],[928],[929],[930],[931],[932],[933],[934],[935],[936],[937],[938],[939],[940],[941],[942],[943],[944],[945],[946],[947],[948],[949],[950],[951],[952],[953],[954],[955],[956],[957],[958],[959],[960],[961],[962],[963],[964],[965],[966],[967],[968],[969],[970],[971],[972],[973],[974],[975],[976],[977],[978],[979],[980],[981],[982],[983],[984],[985],[986]]],"type":"MultiPolygon"}]}}}